anio,nivel,id_agrupacion,agrupacion,votos,share
2011,nacional,0131,ALIANZA FRENTE PARA LA VICTORIA,153609,43.294776182503846
2011,nacional,0134,ALIANZA FRENTE AMPLIO PROGRESISTA,78714,22.1855816549135
2011,nacional,0137,ALIANZA UNIÓN PARA EL DESARROLLO SOCIAL,42476,11.971882592348322
2011,nacional,0133,ALIANZA COMPROMISO FEDERAL,30978,8.731165339150728
2011,nacional,0132,ALIANZA FRENTE POPULAR,27275,7.687472871887666
2011,nacional,0135,ALIANZA FRENTE DE IZQUIERDA Y DE LOS TRABAJADORES,12654,3.566536451727462
2011,nacional,0047,COALICIÓN CÍVICA - AFIRMACIÓN PARA UNA REPÚBLICA IGUALITARIA ARI,9092,2.5625849074684752
2011,provincial,0131,ALIANZA FRENTE PARA LA VICTORIA,150988,45.639012063561154
2011,provincial,0137,ALIANZA UNIÓN PARA EL DESARROLLO SOCIAL,61298,18.52849339995345
2011,provincial,0134,ALIANZA FRENTE AMPLIO PROGRESISTA,58629,17.721737080261523
2011,provincial,0132,ALIANZA FRENTE POPULAR,19745,5.968304058567667
2011,provincial,0160,NUEVO ENCUENTRO,16923,5.1153005613137825
2011,provincial,0135,ALIANZA FRENTE DE IZQUIERDA Y DE LOS TRABAJADORES,13642,4.123555531374025
2011,provincial,0047,COALICIÓN CÍVICA - AFIRMACIÓN PARA UNA REPÚBLICA IGUALITARIA ARI,9606,2.903597304968398
2011,municipal,0131,ALIANZA FRENTE PARA LA VICTORIA,160079,45.44032655471154
2011,municipal,0134,ALIANZA FRENTE AMPLIO PROGRESISTA,45165,12.820621998160576
2011,municipal,0137,ALIANZA UNIÓN PARA EL DESARROLLO SOCIAL,37390,10.613595848803806
2011,municipal,0236,FRENTE SOCIAL DE LA PCIA. BS.AS.,30037,8.52635941456325
2011,municipal,0132,ALIANZA FRENTE POPULAR,24291,6.8952890281704535
2011,municipal,0133,ALIANZA COMPROMISO FEDERAL,16610,4.714945895924879
2011,municipal,0047,COALICIÓN CÍVICA - AFIRMACIÓN PARA UNA REPÚBLICA IGUALITARIA ARI,13177,3.740448047597961
2011,municipal,0135,ALIANZA FRENTE DE IZQUIERDA Y DE LOS TRABAJADORES,12264,3.4812821473583813
2011,municipal,0160,NUEVO ENCUENTRO,8799,2.4977007187382907
2011,municipal,0220,PROYECTO SUR,4472,1.2694303459708645
2013,nacional,0510,FRENTE RENOVADOR,140382,36.875866851595006
2013,nacional,0501,FRENTE PARA LA VICTORIA,103224,27.11511789181692
2013,nacional,0514,FRENTE PROGRESISTA CIVICO Y SOCIAL,70580,18.540116841087713
2013,nacional,0507,UNIDOS POR LA LIBERTAD Y EL TRABAJO,31132,8.17782541083512
2013,nacional,0505,FRENTE DE IZQUIERDA Y DE LOS TRABAJADORES,30672,8.056991552137182
2013,nacional,0513,UNION CON FE,4698,1.2340814525280546
2013,provincial,0510,FRENTE RENOVADOR,133030,34.58999300555655
2013,provincial,0501,FRENTE PARA LA VICTORIA,108787,28.28641335860694
2013,provincial,0514,FRENTE PROGRESISTA CIVICO Y SOCIAL,70473,18.324141750586985
2013,provincial,0507,UNIDOS POR LA LIBERTAD Y EL TRABAJO,32985,8.576643759214333
2013,provincial,0505,FRENTE DE IZQUIERDA Y DE LOS TRABAJADORES,32480,8.445335434266532
2013,provincial,0511,FRENTE POPULAR DEMOCRATICO Y SOCIAL (PODEMOS),6836,1.777472691768658
2013,municipal,0510,FRENTE RENOVADOR,123696,31.4410480349345
2013,municipal,0501,FRENTE PARA LA VICTORIA,68432,17.394045071195816
2013,municipal,0514,FRENTE PROGRESISTA CIVICO Y SOCIAL,64167,16.30996741412529
2013,municipal,0349,FRENTE SOCIAL DE LA PROVINCIA DE BUENOS AIRES,43100,10.95515756617576
2013,municipal,0507,UNIDOS POR LA LIBERTAD Y EL TRABAJO,29363,7.4634870444459125
2013,municipal,0505,FRENTE DE IZQUIERDA Y DE LOS TRABAJADORES,27416,6.968598604043495
2013,municipal,0348,FRENTE CIUDAD NUEVA,20258,5.149178236092542
2013,municipal,0347,ESPACIO UNION PRO,11193,2.8450366273365493
2013,municipal,0511,FRENTE POPULAR DEMOCRATICO Y SOCIAL (PODEMOS),5797,1.4734814016501365
2015,nacional,0135,ALIANZA CAMBIEMOS,163852,41.10708031650937
2015,nacional,0131,ALIANZA FRENTE PARA LA VICTORIA,119144,29.890767138821573
2015,nacional,0138,ALIANZA UNIDOS POR UNA NUEVA ALTERNATIVA (UNA),70553,17.700289514749194
2015,nacional,0137,ALIANZA FRENTE DE IZQUIERDA Y DE LOS TRABAJADORES,22939,5.754920998098335
2015,nacional,0132,ALIANZA PROGRESISTAS,18494,4.639762367096674
2015,nacional,0133,ALIANZA COMPROMISO FEDERAL,3616,0.9071796647248607
2015,provincial,0145,CAMBIEMOS BUENOS AIRES,184129,46.512021501790976
2015,provincial,0131,ALIANZA FRENTE PARA LA VICTORIA,114340,28.882927396090675
2015,provincial,0138,ALIANZA UNIDOS POR UNA NUEVA ALTERNATIVA (UNA),61614,15.564043104624197
2015,provincial,0137,ALIANZA FRENTE DE IZQUIERDA Y DE LOS TRABAJADORES,21991,5.55505034430147
2015,provincial,0132,ALIANZA PROGRESISTAS,13800,3.4859576531926826
2015,municipal,0145,CAMBIEMOS BUENOS AIRES,162238,41.33631265557999
2015,municipal,0131,ALIANZA FRENTE PARA LA VICTORIA,111566,28.42568977509854
2015,municipal,0138,ALIANZA UNIDOS POR UNA NUEVA ALTERNATIVA (UNA),62296,15.872279818488956
2015,municipal,0137,ALIANZA FRENTE DE IZQUIERDA Y DE LOS TRABAJADORES,22608,5.760249488512878
2015,municipal,0132,ALIANZA PROGRESISTAS,19078,4.8608474761964215
2015,municipal,0301,PATRIA GRANDE,14697,3.7446207861232206
2017,nacional,0518,CAMBIEMOS BUENOS AIRES,201129,50.09739062858054
2017,nacional,0574,UNIDAD CIUDADANA,113650,28.308043320148652
2017,nacional,0511,1PAIS,36062,8.982355109645408
2017,nacional,0503,FRENTE DE IZQUIERDA Y DE LOS TRABAJADORES,27649,6.886837569369028
2017,nacional,0546,FRENTE JUSTICIALISTA,22986,5.7253733722563735
2017,provincial,0518,CAMBIEMOS BUENOS AIRES,203085,48.35967395885671
2017,provincial,0574,UNIDAD CIUDADANA,116809,27.81517667705687
2017,provincial,0511,1PAIS,37562,8.944462039257335
2017,provincial,0503,FRENTE DE IZQUIERDA Y DE LOS TRABAJADORES,26516,6.314130116419453
2017,provincial,0546,FRENTE JUSTICIALISTA,24095,5.737628796014735
2017,provincial,0301,PATRIA GRANDE,8290,1.974058631208224
2017,provincial,0567,IZQUIERDA AL FRENTE POR EL SOCIALISMO,3590,0.8548697811866737
2017,municipal,0518,CAMBIEMOS BUENOS AIRES,201813,48.10592155759706
2017,municipal,0574,UNIDAD CIUDADANA,114580,27.312296492641558
2017,municipal,0511,1PAIS,37689,8.983881502104797
2017,municipal,0503,FRENTE DE IZQUIERDA Y DE LOS TRABAJADORES,26395,6.291744335165594
2017,municipal,0546,FRENTE JUSTICIALISTA,24958,5.949208377232919
2017,municipal,0812,VAMOS CREANDO CIUDAD NUEVA,10349,2.4668786559813882
2017,municipal,0567,IZQUIERDA AL FRENTE POR EL SOCIALISMO,3734,0.8900690792766937
2019,nacional,136,FRENTE DE TODOS,184952,44.2295367367827
2019,nacional,135,JUNTOS POR EL CAMBIO,179632,42.95730861575841
2019,nacional,137,CONSENSO FEDERAL,27800,6.648109354224658
2019,nacional,133,FRENTE DE IZQUIERDA Y DE TRABAJADORES - UNIDAD,14271,3.4127758487100754
2019,nacional,87,UNITE POR LA LIBERTAD Y LA DIGNIDAD,6177,1.4771716360088387
2019,nacional,131,FRENTE NOS,5332,1.2750978085153193
2019,provincial,135,JUNTOS POR EL CAMBIO,191782,45.0026633376901
2019,provincial,02-503,FRENTE DE TODOS,190780,44.76753872399139
2019,provincial,137,CONSENSO FEDERAL,23091,5.418425603709431
2019,provincial,133,FRENTE DE IZQUIERDA Y DE TRABAJADORES - UNIDAD,15291,3.5881142395877577
2019,provincial,02-1911,FRENTE NOS,5213,1.2232580950213183
2019,municipal,135,JUNTOS POR EL CAMBIO,205365,48.72403828359661
2019,municipal,02-503,FRENTE DE TODOS,171830,40.76766488092131
2019,municipal,137,CONSENSO FEDERAL,21431,5.084629145452044
2019,municipal,133,FRENTE DE IZQUIERDA Y DE TRABAJADORES - UNIDAD,17573,4.169296251832801
2019,municipal,02-1911,FRENTE NOS,5287,1.2543714381972355
2021,nacional,506,JUNTOS,178843,45.80761330047999
2021,nacional,507,FRENTE DE TODOS,127900,32.75942441768138
2021,nacional,504,FRENTE DE IZQUIERDA Y DE TRABAJADORES - UNIDAD,29709,7.609458483384646
2021,nacional,503,AVANZA LIBERTAD,26727,6.845669557555671
2021,nacional,508,FRENTE VAMOS CON VOS,17279,4.425723960227651
2021,nacional,501,+ VALORES,9964,2.552110280670659
2021,provincial,506,JUNTOS,183600,46.205185248566785
2021,provincial,507,FRENTE DE TODOS,137241,34.53837597330367
2021,provincial,504,FRENTE DE IZQUIERDA Y DE TRABAJADORES - UNIDAD,31109,7.828960282667016
2021,provincial,503,AVANZA LIBERTAD,27780,6.991176722250464
2021,provincial,508,FRENTE VAMOS CON VOS,17628,4.436301773212066
2021,municipal,506,JUNTOS,183044,46.07465320167037
2021,municipal,507,FRENTE DE TODOS,137164,34.526035990001944
2021,municipal,504,FRENTE DE IZQUIERDA Y DE TRABAJADORES - UNIDAD,31451,7.916642544119091
2021,municipal,503,AVANZA LIBERTAD,27798,6.997132982780277
2021,municipal,508,FRENTE VAMOS CON VOS,17820,4.485535281428323
2023,nacional,134,UNION POR LA PATRIA,171174,39.90935097818408
2023,nacional,132,JUNTOS POR EL CAMBIO,129295,30.145229618542015
2023,nacional,135,LA LIBERTAD AVANZA,97324,22.691166150237695
2023,nacional,136,FRENTE DE IZQUIERDA Y DE TRABAJADORES - UNIDAD,16797,3.9162335890997353
2023,nacional,133,HACEMOS POR NUESTRO PAIS,14317,3.3380196639364708
2023,provincial,20134,UNION POR LA PATRIA,181231,42.28461168740871
2023,provincial,20132,JUNTOS POR EL CAMBIO,140137,32.69660614375242
2023,provincial,20135,LA LIBERTAD AVANZA,88716,20.699116654767405
2023,provincial,20136,FRENTE DE IZQUIERDA Y DE TRABAJADORES - UNIDAD,18514,4.319665514071461
2023,municipal,20134,UNION POR LA PATRIA,162268,38.33757421543681
2023,municipal,20132,JUNTOS POR EL CAMBIO,161412,38.13533493518184
2023,municipal,20135,LA LIBERTAD AVANZA,78189,18.472998929738388
2023,municipal,20136,FRENTE DE IZQUIERDA Y DE TRABAJADORES - UNIDAD,21392,5.054091919642962
2025,nacional,110,ALIANZA LA LIBERTAD AVANZA,173880,44.146433730840805
2025,nacional,248,ALIANZA FUERZA PATRIA,153163,38.88658977177807
2025,nacional,372,FRENTE DE IZQUIERDA Y DE TRABAJADORES - UNIDAD,21472,5.451531085050689
2025,nacional,259,ALIANZA PROVINCIAS UNIDAS,12296,3.1218343061560767
2025,nacional,258,PROPUESTA FEDERAL PARA EL CAMBIO,9361,2.376666472017488
2025,nacional,252,PARTIDO NUEVO BUENOS AIRES,4192,1.0643078571410436
2025,nacional,316,COALICIÓN CÍVICA - A.R.I.,4054,1.0292710049737097
2025,nacional,11,FRENTE PATRIOTA FEDERAL,3250,0.8251432575640248
2025,nacional,260,ALIANZA POTENCIA,3031,0.7695412965158643
2025,nacional,265,MOVIMIENTO POLÍTICO SOCIAL Y CULTURAL PROYECTO SUR,2243,0.5694757928357254
2025,nacional,263,MOVIMIENTO AVANZADA SOCIALISTA,1824,0.46309578516824035
2025,nacional,315,UNIÓN LIBERAL,1634,0.41485664087988194
2025,nacional,317,ALIANZA UNIÓN FEDERAL,1622,0.41180995808272247
2025,nacional,262,ALIANZA NUEVOS AIRES,1265,0.3211711448672281
2025,nacional,253,LIBER.AR,584,0.14827189612842784
