año,mes,icg_la_plata,icg_pais,brecha,n_la_plata,n_pais
2011,1,1.5882353,2.125428,-0.5371927,17,1207
2011,2,2.1739132,2.1786108,-0.0046975613,23,1075
2011,3,2.521739,2.4216988,0.1000402,23,1336
2011,4,2.3809524,2.1729782,0.2079742,21,1131
2011,5,2.3076923,2.3384838,-0.030791521,26,1147
2011,6,2.3478262,2.3126967,0.035129547,23,1211
2011,7,1.2764562,2.3854988,-1.1090425,22,1538
2011,8,1.8571427,2.3377197,-0.480577,14,964
2011,9,2.047619,2.6196613,-0.5720422,21,1205
2011,10,1.9831866,2.6218169,-0.6386303,22,1320
2011,11,1.1666666,2.687811,-1.5211443,6,1006
2011,12,2.2857144,2.7104712,-0.42475677,14,1208
2012,1,2.2766666,2.7491195,-0.47245288,15,1205
2012,2,2.7142859,2.4934132,0.22087264,14,1421
2012,3,2.5,2.2586558,0.24134421,8,1197
2012,4,1.875,1.8896799,-0.014679909,16,1017
2012,5,1.0,2.1415381,-1.1415381,15,1197
2012,6,2.25,1.9857274,0.26427257,8,1236
2012,7,0.5,1.8332213,-1.3332213,10,1381
2012,8,0.4373432,1.7565434,-1.3192002,16,1330
2012,9,1.25,1.7122264,-0.4622264,16,884
2012,10,1.480968,1.6274712,-0.14650321,15,1399
2012,11,1.3603121,1.7548834,-0.3945713,21,1012
2012,12,1.0000001,1.8389816,-0.8389815,10,1201
2013,1,1.7333335,1.7623827,-0.029049277,15,1206
2013,2,0.94036204,1.8320243,-0.8916623,7,493
2013,3,1.5,1.913988,-0.413988,20,1215
2013,4,1.2142857,1.758607,-0.5443213,28,1216
2013,5,1.2,1.4201472,-0.22014713,25,1195
2013,6,1.4333334,1.7441266,-0.31079316,30,1206
2013,7,1.9310347,1.679016,0.2520187,29,1206
2013,8,1.5,1.8688059,-0.3688059,32,1208
2013,9,1.5000001,1.7716092,-0.27160907,28,1211
2013,10,1.9670175,1.9162456,0.05077195,37,1590
2013,11,2.777778,1.9041387,0.8736392,18,820
2013,12,2.7741935,1.6809168,1.0932767,31,1206
2014,1,1.6428572,1.462484,0.18037319,28,1211
2014,2,1.5454546,1.3849819,0.16047275,22,1228
2014,3,1.0731707,1.5397652,-0.46659458,41,1201
2014,4,0.75,1.4016455,-0.65164554,28,1205
2014,5,1.875,1.5119301,0.3630699,24,1009
2014,6,1.5666666,1.699718,-0.1330514,30,1200
2014,7,2.25,1.8721864,0.37781358,32,1201
2014,8,2.1463413,1.8208873,0.325454,41,1205
2014,9,1.84375,1.705601,0.13814902,32,1209
2014,10,1.7407408,1.6466782,0.09406257,27,1206
2014,11,1.0,1.6029824,-0.6029824,31,1203
2014,12,1.09375,1.6356862,-0.54193616,32,1209
2015,1,1.5666667,1.8263828,-0.25971603,30,1204
2015,2,2.1111112,1.653234,0.45787716,27,1200
2015,3,2.5384614,1.863546,0.67491543,26,1205
2015,4,2.0333333,1.896235,0.13709831,30,1200
2015,5,1.5,2.0906343,-0.59063435,20,1202
2015,6,1.8620689,1.9372752,-0.07520628,29,1200
2015,7,2.6451614,2.03634,0.6088214,31,1209
2015,8,1.65,1.9172549,-0.26725495,20,1206
2015,9,1.8387096,1.7779356,0.06077397,31,1204
2015,10,2.1891892,1.9085066,0.28068256,37,1208
2015,11,1.3703704,1.7489368,-0.37856638,27,1203
2015,12,1.75,1.7974913,-0.047491312,36,1203
2016,1,3.3513515,3.1378446,0.21350694,37,1206
2016,2,2.848485,2.8618605,-0.013375521,33,1207
2016,3,3.2121215,3.0327048,0.17941666,33,1205
2016,4,2.8333335,2.720018,0.11331558,24,1208
2016,5,2.653846,2.6223953,0.03145075,26,1201
2016,6,2.7556357,2.6079664,0.14766932,31,1332
2016,7,2.037037,2.724992,-0.68795514,27,1081
2016,8,2.3714285,2.5212383,-0.14980984,35,1204
2016,9,2.8387594,2.5361545,0.3026049,43,1434
2016,10,1.9473684,2.6470585,-0.6996901,19,983
2016,11,2.2307694,2.5160642,-0.28529477,39,1201
2016,12,2.682927,2.4937646,0.18916225,41,1212
2017,1,2.2857144,2.4611483,-0.17543387,21,1199
2017,2,2.75,2.3498971,0.40010285,36,1200
2017,3,2.8043478,2.3147142,0.48963356,46,1205
2017,4,2.967742,2.6112742,0.35646772,31,1201
2017,5,2.1,2.5172336,-0.4172337,30,1202
2017,6,1.974359,2.2927964,-0.31843734,39,1201
2017,7,2.3846152,2.2354476,0.14916754,39,1200
2017,8,2.1351352,2.531797,-0.39666176,37,1199
2017,9,2.96875,2.8550327,0.11371732,32,1205
2017,10,2.733333,2.8276212,-0.09428811,45,1201
2017,11,3.5609758,2.9666982,0.5942776,41,1200
2017,12,2.4444447,2.3634553,0.08098936,9,1200
2018,1,2.8837209,2.278398,0.60532284,43,1200
2018,2,2.1428573,2.3199818,-0.1771245,49,1204
2018,3,2.1730769,2.321567,-0.14849019,52,1211
2018,4,1.9807692,2.0652697,-0.08450055,52,1200
2018,5,1.9285713,1.9379715,-0.009400129,14,1202
2018,6,1.8400002,2.0421605,-0.20216036,25,1201
2018,7,2.3030303,2.014213,0.28881717,33,1202
2018,8,1.6428572,1.9443593,-0.3015021,28,1201
2018,9,1.5588236,1.7494696,-0.19064605,34,1206
2018,10,1.7105262,1.7630519,-0.05252564,38,1207
2018,11,1.5277778,1.7673768,-0.23959899,36,1209
2018,12,2.346154,1.9246378,0.42151618,26,1198
2019,1,1.9459457,1.6283765,0.31756926,37,1215
2019,2,2.0408163,1.7934922,0.24732411,49,1202
2019,3,1.4193548,1.599606,-0.18025124,31,1200
2019,4,1.7096775,1.5293286,0.18034887,31,1210
2019,5,1.7435899,1.6197993,0.12379062,39,1280
2019,6,2.0607378,1.9065698,0.15416801,46,1377
2019,7,1.7419355,1.9353427,-0.19340718,31,966
2019,8,2.3666668,2.2014391,0.16522765,30,1205
2019,9,1.9722222,1.9125167,0.059705496,36,1200
2019,10,1.7435898,2.0116246,-0.26803482,39,1201
2019,11,1.6551725,1.9784098,-0.3232373,29,1201
2019,12,1.6444445,1.96721,-0.3227656,45,1207
2020,1,2.5625,2.3233533,0.23914671,32,1207
2020,2,2.604651,2.2702413,0.3344097,43,1202
2020,3,2.625,2.3418217,0.28317833,32,1359
2020,4,3.4285712,3.254962,0.17360926,49,1048
2020,5,2.804878,3.0017462,-0.19686818,41,1205
2020,6,2.7499998,2.7702255,-0.020225763,36,1201
2020,7,2.8636363,2.5295966,0.3340397,44,1202
2020,8,2.3137255,2.3778577,-0.06413221,51,1204
2020,9,2.5873623,2.2346861,0.35267615,61,1370
2020,10,2.4444447,1.9911627,0.453282,45,1033
2020,11,2.3,2.0193434,0.28065658,40,1202
2020,12,2.0249999,1.8538681,0.17113173,40,1203
2021,1,1.6458334,1.8751297,-0.22929633,48,1201
2021,2,2.1052632,1.816565,0.2886982,57,1205
2021,3,2.122449,1.7838564,0.33859253,49,1200
2021,4,1.9,1.7329975,0.16700244,60,1204
2021,5,1.9649123,1.9320564,0.03285587,57,1200
2021,6,2.0491803,1.7034054,0.3457749,61,1201
2021,7,1.372549,1.6982418,-0.32569277,51,1201
2021,8,1.8853413,1.7551285,0.13021278,69,1718
2021,9,1.8421053,1.6230484,0.21905684,38,679
2021,10,1.625,1.5240772,0.10092282,64,1202
2021,11,1.8387097,1.4535844,0.38512528,62,1202
2021,12,1.6481483,1.4228234,0.22532487,54,1200
2022,1,1.6181818,1.5438081,0.07437372,55,1180
2022,2,1.6078433,1.4917626,0.11608064,51,1204
2022,3,1.2987632,1.4863149,-0.18755174,60,1392
2022,4,1.358505,1.4523016,-0.09379661,51,1010
2022,5,1.3783784,1.3032362,0.075142145,37,1082
2022,6,1.4375,1.4016157,0.03588426,48,1008
2022,7,0.92156863,1.1166668,-0.19509816,51,1018
2022,8,1.18,1.1825767,-0.0025767088,50,1001
2022,9,1.1863519,1.2247705,-0.03841865,64,1204
2022,10,1.3783784,1.3020395,0.07633889,37,799
2022,11,1.2727273,1.189553,0.08317423,33,1001
2022,12,1.264151,1.2512662,0.012884736,53,1004
2023,1,1.6416488,1.2741215,0.36752725,56,1001
2023,2,1.4385965,1.17133,0.2672665,57,1000
2023,3,1.4073159,1.1393877,0.26792812,75,1751
2023,4,0.96547735,1.109807,-0.14432967,26,431
2023,5,1.2692307,1.1082302,0.16100049,26,820
2023,6,1.3207548,1.1210777,0.19967711,53,1023
2023,7,1.1333294,1.1782081,-0.04487872,60,1031
2023,8,1.6666667,1.2972009,0.36946583,42,977
2023,9,1.2083333,1.0316844,0.17664886,48,1000
2023,10,1.2527925,1.2087897,0.04400277,59,1259
2023,11,1.5999999,1.5068053,0.093194604,30,742
2023,12,2.8085105,2.8582237,-0.049713135,47,1009
2024,1,2.2138698,2.5740464,-0.36017656,56,1078
2024,2,2.6727276,2.6105897,0.062137842,55,923
2024,3,2.48,2.560639,-0.080638885,50,1005
2024,4,2.3653846,2.4489384,-0.08355379,52,1002
2024,5,2.3750002,2.5135756,-0.13857532,48,1002
2024,6,2.717391,2.4613478,0.2560432,92,2004
2024,7,1.7727273,2.371224,-0.5984967,44,1004
2024,8,2.488889,2.5372326,-0.04834366,45,1000
2024,9,2.2857141,2.16084,0.124874115,42,1002
2024,10,2.22807,2.425402,-0.1973319,57,1000
2024,11,2.5,2.6632695,-0.16326952,52,1000
2024,12,2.7380953,2.654707,0.08338833,42,1000
2025,1,2.7250001,2.6054366,0.11956358,40,1000
2025,2,2.6363635,2.55855,0.077813625,44,1000
2025,3,2.0232558,2.4186673,-0.3954115,43,1001
2025,4,2.2692308,2.3303394,-0.06110859,52,1000
2025,5,2.0681818,2.4474478,-0.37926602,44,1001
2025,6,2.0000002,2.3363414,-0.33634114,52,1000
2025,7,1.9375,2.4501443,-0.5126443,32,1001
2025,8,2.2926831,2.1175497,0.17513347,41,1000
2025,9,2.0851064,1.9439665,0.14113986,47,1000
2025,10,2.1290321,2.1011279,0.027904272,31,1000
2025,11,2.688889,2.4683516,0.22053742,45,1008
2025,12,2.4222224,2.4647255,-0.04250312,45,1000
2026,1,2.5,2.3968782,0.10312176,40,1000
2026,2,2.5263157,2.383406,0.14290977,38,1000
2026,3,2.1777778,2.3008897,-0.12311196,45,1000
2026,4,1.6097562,2.0230315,-0.41327524,41,1000
2026,5,1.8333334,1.9910202,-0.15768683,48,1000
2026,6,2.0,2.069246,-0.06924605,48,1000
2026,7,2.5641026,1.9355526,0.62855005,39,1000
2026,8,1.3777777,2.0587044,-0.6809267,45,1000
