año,mes,edu,n,icg
2011,1,1.0,162,2.2342534
2011,1,2.0,425,2.1353266
2011,1,3.0,620,2.0864434
2011,2,1.0,138,2.353937
2011,2,2.0,367,2.2482831
2011,2,3.0,567,2.0786884
2011,3,1.0,200,2.561893
2011,3,2.0,433,2.601691
2011,3,3.0,702,2.2556455
2011,4,1.0,154,2.3011234
2011,4,2.0,401,2.1685665
2011,4,3.0,574,2.1416986
2011,5,1.0,159,2.2885764
2011,5,2.0,412,2.3313658
2011,5,3.0,576,2.3590918
2011,6,1.0,189,2.3582528
2011,6,2.0,428,2.2869403
2011,6,3.0,592,2.3172812
2011,7,1.0,190,2.4784112
2011,7,2.0,480,2.3419082
2011,7,3.0,863,2.3966155
2011,8,1.0,132,2.476034
2011,8,2.0,319,2.5121202
2011,8,3.0,512,2.1734855
2011,9,1.0,188,2.9506283
2011,9,2.0,403,2.6165705
2011,9,3.0,611,2.5137851
2011,10,1.0,181,2.890423
2011,10,2.0,454,2.7146642
2011,10,3.0,683,2.4724162
2011,11,1.0,128,3.1029937
2011,11,2.0,355,2.8421333
2011,11,3.0,520,2.4663696
2011,12,1.0,153,2.6832242
2011,12,2.0,391,2.6803777
2011,12,3.0,663,2.7335832
2012,1,1.0,173,3.112226
2012,1,2.0,412,2.7196674
2012,1,3.0,620,2.6598601
2012,2,1.0,168,2.685603
2012,2,2.0,527,2.5735786
2012,2,3.0,724,2.3764255
2012,3,1.0,157,2.2970948
2012,3,2.0,396,2.3285673
2012,3,3.0,640,2.20484
2012,4,1.0,137,1.9380038
2012,4,2.0,363,1.9006793
2012,4,3.0,516,1.8684202
2012,5,1.0,164,2.244481
2012,5,2.0,421,2.164952
2012,5,3.0,610,2.083592
2012,6,1.0,159,1.9669889
2012,6,2.0,391,2.1267455
2012,6,3.0,684,1.89872
2012,7,1.0,164,1.9871655
2012,7,2.0,447,1.8812153
2012,7,3.0,770,1.7640823
2012,8,1.0,169,1.7751304
2012,8,2.0,444,1.8392124
2012,8,3.0,715,1.6950686
2012,9,1.0,110,2.2127254
2012,9,2.0,297,1.8763379
2012,9,3.0,475,1.4732814
2012,10,1.0,167,1.7076284
2012,10,2.0,428,1.682447
2012,10,3.0,800,1.5772976
2012,11,1.0,127,1.7151437
2012,11,2.0,355,1.934753
2012,11,3.0,528,1.6413075
2012,12,1.0,163,1.8452959
2012,12,2.0,410,1.9631863
2012,12,3.0,625,1.7543435
2013,1,1.0,148,1.7862862
2013,1,2.0,380,1.7583055
2013,1,3.0,675,1.7654704
2013,2,1.0,85,2.1535625
2013,2,2.0,178,1.9198943
2013,2,3.0,228,1.6427476
2013,3,1.0,134,2.1052537
2013,3,2.0,408,1.9355503
2013,3,3.0,672,1.8601054
2013,4,1.0,152,2.0675147
2013,4,2.0,447,1.8063804
2013,4,3.0,616,1.6323326
2013,5,1.0,152,1.815442
2013,5,2.0,403,1.2306075
2013,5,3.0,639,1.4473342
2013,6,1.0,132,2.0809402
2013,6,2.0,411,1.7304678
2013,6,3.0,662,1.673186
2013,7,1.0,146,1.601943
2013,7,2.0,443,1.8032817
2013,7,3.0,616,1.6018866
2013,8,1.0,189,1.9718156
2013,8,2.0,408,1.9359974
2013,8,3.0,611,1.7827253
2013,9,1.0,148,1.7860177
2013,9,2.0,423,1.8707933
2013,9,3.0,639,1.6951255
2013,10,1.0,241,2.0409703
2013,10,2.0,542,1.9336613
2013,10,3.0,807,1.8605161
2013,11,1.0,103,1.7990485
2013,11,2.0,308,1.9611816
2013,11,3.0,409,1.8869243
2013,12,1.0,157,1.5371948
2013,12,2.0,440,1.6344986
2013,12,3.0,608,1.7625092
2014,1,1.0,144,1.6052288
2014,1,2.0,428,1.5108964
2014,1,3.0,638,1.3927606
2014,2,1.0,175,1.4997199
2014,2,2.0,431,1.2918142
2014,2,3.0,621,1.4138634
2014,3,1.0,177,1.8763267
2014,3,2.0,455,1.4481099
2014,3,3.0,568,1.5057582
2014,4,1.0,149,1.4155475
2014,4,2.0,467,1.3817445
2014,4,3.0,588,1.4148787
2014,5,1.0,143,1.6408012
2014,5,2.0,345,1.5000286
2014,5,3.0,521,1.4790679
2014,6,1.0,171,1.5576385
2014,6,2.0,448,1.7544358
2014,6,3.0,581,1.7015032
2014,7,1.0,158,1.874416
2014,7,2.0,435,1.924138
2014,7,3.0,608,1.8302768
2014,8,1.0,135,1.5794833
2014,8,2.0,452,1.8618865
2014,8,3.0,618,1.8510658
2014,9,1.0,147,1.8617944
2014,9,2.0,448,1.7704958
2014,9,3.0,613,1.6004535
2014,10,1.0,142,1.8791187
2014,10,2.0,460,1.6016054
2014,10,3.0,604,1.6191225
2014,11,1.0,181,1.6591743
2014,11,2.0,428,1.6392225
2014,11,3.0,594,1.5548677
2014,12,1.0,166,1.5228548
2014,12,2.0,453,1.7448153
2014,12,3.0,590,1.5806825
2015,1,1.0,148,1.9796791
2015,1,2.0,416,1.8910866
2015,1,3.0,640,1.7438116
2015,2,1.0,164,2.0795853
2015,2,2.0,412,1.6193038
2015,2,3.0,624,1.5448809
2015,3,1.0,142,1.980242
2015,3,2.0,413,2.0313
2015,3,3.0,650,1.716835
2015,4,1.0,142,2.174366
2015,4,2.0,432,2.009654
2015,4,3.0,626,1.7335854
2015,5,1.0,152,2.193502
2015,5,2.0,433,2.227299
2015,5,3.0,617,1.95895
2015,6,1.0,132,2.0528352
2015,6,2.0,443,2.1846197
2015,6,3.0,625,1.7106124
2015,7,1.0,149,2.0963006
2015,7,2.0,434,2.0743744
2015,7,3.0,625,1.9943898
2015,8,1.0,154,2.3201058
2015,8,2.0,448,1.9468635
2015,8,3.0,604,1.7784952
2015,9,1.0,116,1.9189873
2015,9,2.0,423,1.8593011
2015,9,3.0,664,1.696427
2015,10,1.0,127,2.139376
2015,10,2.0,466,1.8801208
2015,10,3.0,615,1.8758069
2015,11,1.0,137,1.7240072
2015,11,2.0,436,1.7759223
2015,11,3.0,629,1.739929
2015,12,1.0,120,1.9595821
2015,12,2.0,423,1.8508153
2015,12,3.0,660,1.718777
2016,1,1.0,134,3.1098611
2016,1,2.0,419,3.0931833
2016,1,3.0,653,3.174655
2016,2,1.0,115,2.67428
2016,2,2.0,447,2.7262845
2016,2,3.0,645,3.0045028
2016,3,1.0,126,2.6042783
2016,3,2.0,403,2.9654086
2016,3,3.0,676,3.163703
2016,4,1.0,139,2.4504874
2016,4,2.0,438,2.6636937
2016,4,3.0,631,2.8352268
2016,5,1.0,131,2.3017397
2016,5,2.0,390,2.508064
2016,5,3.0,680,2.7623434
2016,6,1.0,167,2.1796136
2016,6,2.0,443,2.417468
2016,6,3.0,722,2.8455663
2016,7,1.0,139,2.4310992
2016,7,2.0,356,2.6874192
2016,7,3.0,585,2.8381166
2016,8,1.0,132,1.9905473
2016,8,2.0,439,2.3560436
2016,8,3.0,633,2.7812004
2016,9,1.0,165,2.2298498
2016,9,2.0,522,2.491029
2016,9,3.0,746,2.6436982
2016,10,1.0,109,2.058818
2016,10,2.0,320,2.747954
2016,10,3.0,554,2.7218127
2016,11,1.0,152,2.402144
2016,11,2.0,400,2.458099
2016,11,3.0,649,2.587666
2016,12,1.0,111,2.034415
2016,12,2.0,424,2.4358442
2016,12,3.0,676,2.6307735
2017,1,1.0,136,2.2081964
2017,1,2.0,385,2.3061645
2017,1,3.0,677,2.6156375
2017,2,1.0,118,2.1487243
2017,2,2.0,425,2.1676874
2017,2,3.0,656,2.5111516
2017,3,1.0,124,2.061837
2017,3,2.0,418,2.102935
2017,3,3.0,660,2.5149407
2017,4,1.0,136,2.4140828
2017,4,2.0,415,2.530829
2017,4,3.0,650,2.7181554
2017,5,1.0,130,2.1051075
2017,5,2.0,430,2.4957294
2017,5,3.0,642,2.631145
2017,6,1.0,142,2.0293293
2017,6,2.0,390,2.2040858
2017,6,3.0,669,2.4175699
2017,7,1.0,125,1.7713875
2017,7,2.0,413,2.0940495
2017,7,3.0,662,2.4227679
2017,8,1.0,133,2.111062
2017,8,2.0,378,2.3419874
2017,8,3.0,687,2.7518244
2017,9,1.0,152,2.448288
2017,9,2.0,418,2.7871299
2017,9,3.0,635,3.021332
2017,10,1.0,138,2.4161725
2017,10,2.0,443,2.7408905
2017,10,3.0,620,2.998379
2017,11,1.0,104,2.5935082
2017,11,2.0,417,2.9354982
2017,11,3.0,679,3.061884
2017,12,1.0,118,1.8564001
2017,12,2.0,403,2.3069835
2017,12,3.0,677,2.5026567
2018,1,1.0,136,1.9669148
2018,1,2.0,404,2.3173177
2018,1,3.0,660,2.3233817
2018,2,1.0,104,2.0736043
2018,2,2.0,404,2.2950487
2018,2,3.0,696,2.3703268
2018,3,1.0,158,2.1948657
2018,3,2.0,415,2.2759898
2018,3,3.0,638,2.3876798
2018,4,1.0,145,1.7771137
2018,4,2.0,417,1.9575778
2018,4,3.0,637,2.2114735
2018,5,1.0,143,1.5858961
2018,5,2.0,392,1.7047781
2018,5,3.0,667,2.1709747
2018,6,1.0,120,1.7389426
2018,6,2.0,426,1.8183815
2018,6,3.0,655,2.2731266
2018,7,1.0,120,1.5071536
2018,7,2.0,385,1.8676662
2018,7,3.0,697,2.20514
2018,8,1.0,130,1.8364416
2018,8,2.0,431,1.7527523
2018,8,3.0,640,2.1108706
2018,9,1.0,118,1.5486629
2018,9,2.0,411,1.649055
2018,9,3.0,676,1.8617513
2018,10,1.0,125,1.5577841
2018,10,2.0,403,1.6693147
2018,10,3.0,678,1.8685963
2018,11,1.0,126,1.4160354
2018,11,2.0,411,1.7680197
2018,11,3.0,672,1.8497008
2018,12,1.0,131,1.8185511
2018,12,2.0,430,1.8011656
2018,12,3.0,635,2.04448
2019,1,1.0,130,1.563228
2019,1,2.0,396,1.499822
2019,1,3.0,689,1.7231729
2019,2,1.0,135,1.60219
2019,2,2.0,406,1.6051391
2019,2,3.0,661,1.9707015
2019,3,1.0,125,1.6555946
2019,3,2.0,388,1.4682807
2019,3,3.0,686,1.6677907
2019,4,1.0,138,1.2963029
2019,4,2.0,420,1.4176197
2019,4,3.0,652,1.6690036
2019,5,1.0,141,1.269241
2019,5,2.0,435,1.4720025
2019,5,3.0,704,1.8010544
2019,6,1.0,131,1.6356694
2019,6,2.0,453,1.7972523
2019,6,3.0,793,2.0272036
2019,7,1.0,106,1.5431498
2019,7,2.0,314,1.7552121
2019,7,3.0,546,2.1498702
2019,8,1.0,114,1.7397628
2019,8,2.0,389,1.9640613
2019,8,3.0,702,2.432254
2019,9,1.0,126,1.6036909
2019,9,2.0,412,1.7492198
2019,9,3.0,662,2.0931337
2019,10,1.0,126,1.325807
2019,10,2.0,386,2.0505638
2019,10,3.0,689,2.1336384
2019,11,1.0,119,1.798297
2019,11,2.0,417,1.8946422
2019,11,3.0,665,2.080841
2019,12,1.0,105,1.6102055
2019,12,2.0,372,1.9281372
2019,12,3.0,729,2.049839
2020,1,1.0,133,2.807943
2020,1,2.0,392,2.359872
2020,1,3.0,679,2.188793
2020,2,1.0,121,2.628065
2020,2,2.0,380,2.3220532
2020,2,3.0,701,2.1639717
2020,3,1.0,120,2.6424003
2020,3,2.0,455,2.4775662
2020,3,3.0,782,2.1986914
2020,4,1.0,78,3.2420743
2020,4,2.0,340,3.4295385
2020,4,3.0,630,3.1599855
2020,5,1.0,87,3.4185712
2020,5,2.0,348,3.1861355
2020,5,3.0,770,2.8582344
2020,6,1.0,114,3.074516
2020,6,2.0,360,2.7307158
2020,6,3.0,727,2.7348642
2020,7,1.0,91,2.8236818
2020,7,2.0,389,2.7850504
2020,7,3.0,718,2.3460448
2020,8,1.0,118,2.5576694
2020,8,2.0,390,2.4407864
2020,8,3.0,696,2.3020668
2020,9,1.0,127,2.7502756
2020,9,2.0,427,2.30356
2020,9,3.0,816,2.0978951
2020,10,1.0,98,2.2044437
2020,10,2.0,313,2.0553017
2020,10,3.0,622,1.9174836
2020,11,1.0,115,2.3081596
2020,11,2.0,369,1.9692993
2020,11,3.0,718,1.9966266
2020,12,1.0,135,2.2078
2020,12,2.0,375,1.8671765
2020,12,3.0,693,1.7635193
2021,1,1.0,136,2.2610018
2021,1,2.0,348,1.8667057
2021,1,3.0,717,1.7944281
2021,2,1.0,126,2.1445236
2021,2,2.0,347,1.8687968
2021,2,3.0,732,1.7234247
2021,3,1.0,121,1.8731586
2021,3,2.0,373,1.6544452
2021,3,3.0,705,1.8367137
2021,4,1.0,100,2.0357006
2021,4,2.0,391,1.7493217
2021,4,3.0,712,1.6777174
2021,5,1.0,82,2.4382954
2021,5,2.0,360,1.9321724
2021,5,3.0,758,1.8677127
2021,6,1.0,107,2.1792686
2021,6,2.0,368,1.6998242
2021,6,3.0,725,1.6210465
2021,7,1.0,91,2.441968
2021,7,2.0,376,1.616748
2021,7,3.0,733,1.633269
2021,8,1.0,134,2.4877968
2021,8,2.0,537,1.6908791
2021,8,3.0,1046,1.6786509
2021,9,1.0,36,1.6771872
2021,9,2.0,223,1.804283
2021,9,3.0,420,1.5196971
2021,10,1.0,75,2.0777805
2021,10,2.0,392,1.5504699
2021,10,3.0,735,1.4392782
2021,11,1.0,86,1.707988
2021,11,2.0,393,1.3910546
2021,11,3.0,723,1.4567378
2021,12,1.0,88,1.5807017
2021,12,2.0,388,1.4275885
2021,12,3.0,722,1.3889624
2022,1,1.0,87,1.6727132
2022,1,2.0,374,1.6223388
2022,1,3.0,719,1.4799836
2022,2,1.0,85,1.4466549
2022,2,2.0,374,1.5374184
2022,2,3.0,745,1.4728492
2022,3,1.0,103,1.7225608
2022,3,2.0,452,1.4688976
2022,3,3.0,837,1.4606364
2022,4,1.0,93,2.066416
2022,4,2.0,326,1.4049752
2022,4,3.0,591,1.3711941
2022,5,1.0,82,1.5533766
2022,5,2.0,369,1.3355851
2022,5,3.0,631,1.2442856
2022,6,1.0,73,1.3243994
2022,6,2.0,340,1.3501722
2022,6,3.0,595,1.444577
2022,7,1.0,86,1.336492
2022,7,2.0,345,1.1540649
2022,7,3.0,587,1.0514456
2022,8,1.0,85,1.1376365
2022,8,2.0,327,1.3409725
2022,8,3.0,589,1.0925231
2022,9,1.0,112,1.4727904
2022,9,2.0,389,1.2063359
2022,9,3.0,702,1.1885189
2022,10,1.0,61,1.6093358
2022,10,2.0,276,1.271027
2022,10,3.0,461,1.2753953
2022,11,1.0,99,1.2287065
2022,11,2.0,341,1.262242
2022,11,3.0,557,1.1401904
2022,12,1.0,69,1.5816222
2022,12,2.0,353,1.365532
2022,12,3.0,582,1.1229542
2023,1,1.0,99,1.4527572
2023,1,2.0,326,1.164278
2023,1,3.0,575,1.3034859
2023,2,1.0,94,1.337786
2023,2,2.0,354,1.2645124
2023,2,3.0,552,1.0755295
2023,3,1.0,168,1.3253915
2023,3,2.0,607,1.1025218
2023,3,3.0,976,1.1270654
2023,4,1.0,37,1.5146748
2023,4,2.0,134,0.9150398
2023,4,3.0,260,1.1568311
2023,5,1.0,88,1.298762
2023,5,2.0,289,1.1727405
2023,5,3.0,443,1.0198781
2023,6,1.0,104,1.1826118
2023,6,2.0,321,1.1088458
2023,6,3.0,598,1.1157442
2023,7,1.0,105,1.0508392
2023,7,2.0,329,1.3982975
2023,7,3.0,596,1.0675038
2023,8,1.0,86,1.5977929
2023,8,2.0,331,1.2756066
2023,8,3.0,560,1.2527643
2023,9,1.0,74,1.1266899
2023,9,2.0,353,0.92592496
2023,9,3.0,571,1.0871651
2023,10,1.0,98,1.3001109
2023,10,2.0,402,1.1854491
2023,10,3.0,758,1.2105391
2023,11,1.0,64,1.7211426
2023,11,2.0,235,1.450565
2023,11,3.0,443,1.5072469
2023,12,1.0,75,2.737101
2023,12,2.0,320,2.886272
2023,12,3.0,613,2.8588395
2024,1,1.0,97,2.0975752
2024,1,2.0,345,2.5037951
2024,1,3.0,636,2.6994667
2024,2,1.0,61,1.9090116
2024,2,2.0,306,2.4250946
2024,2,3.0,555,2.8155353
2024,3,1.0,83,1.8458834
2024,3,2.0,303,2.5121245
2024,3,3.0,618,2.695976
2024,4,1.0,80,2.0554423
2024,4,2.0,326,2.494644
2024,4,3.0,596,2.477838
2024,5,1.0,88,2.109465
2024,5,2.0,353,2.3589046
2024,5,3.0,561,2.7003355
2024,6,1.0,178,2.3937886
2024,6,2.0,642,2.457624
2024,6,3.0,1184,2.4754152
2024,7,1.0,97,1.6983562
2024,7,2.0,321,2.5883582
2024,7,3.0,585,2.3685646
2024,8,1.0,85,1.9715132
2024,8,2.0,293,2.3466258
2024,8,3.0,620,2.724084
2024,9,1.0,102,1.7277492
2024,9,2.0,310,2.0010145
2024,9,3.0,589,2.351711
2024,10,1.0,77,2.0837255
2024,10,2.0,325,2.3212154
2024,10,3.0,598,2.542429
2024,11,1.0,86,2.170224
2024,11,2.0,327,2.6037467
2024,11,3.0,587,2.7864027
2024,12,1.0,106,2.0832171
2024,12,2.0,319,2.6478257
2024,12,3.0,575,2.7792249
2025,1,1.0,90,2.447046
2025,1,2.0,309,2.635688
2025,1,3.0,600,2.6176877
2025,2,1.0,86,2.0887027
2025,2,2.0,329,2.4293509
2025,2,3.0,585,2.7192397
2025,3,1.0,92,2.022009
2025,3,2.0,328,2.2546356
2025,3,3.0,581,2.5994992
2025,4,1.0,99,1.440415
2025,4,2.0,312,2.3252885
2025,4,3.0,587,2.5030377
2025,5,1.0,87,1.7137882
2025,5,2.0,305,2.364789
2025,5,3.0,609,2.6026525
2025,6,1.0,91,1.9765505
2025,6,2.0,329,2.454063
2025,6,3.0,579,2.3307586
2025,7,1.0,82,2.1511517
2025,7,2.0,329,2.445568
2025,7,3.0,590,2.5022466
2025,8,1.0,85,1.5025746
2025,8,2.0,311,1.9624287
2025,8,3.0,602,2.3058195
2025,9,1.0,63,1.539197
2025,9,2.0,333,1.9300396
2025,9,3.0,604,1.9939313
2025,10,1.0,86,2.2005877
2025,10,2.0,307,1.8315791
2025,10,3.0,606,2.2425723
2025,11,1.0,94,1.7483714
2025,11,2.0,340,2.505327
2025,11,3.0,574,2.5784383
2025,12,1.0,76,1.7234854
2025,12,2.0,333,2.3910382
2025,12,3.0,591,2.6142628
2026,1,1.0,98,1.5872676
2026,1,2.0,319,2.3977995
2026,1,3.0,583,2.54936
2026,2,1.0,78,1.55833
2026,2,2.0,307,2.564356
2026,2,3.0,615,2.4116833
2026,3,1.0,64,1.6736542
2026,3,2.0,287,2.257663
2026,3,3.0,648,2.3967433
2026,4,1.0,73,1.5707393
2026,4,2.0,318,1.8262975
2026,4,3.0,607,2.2128227
2026,5,1.0,80,1.1967953
2026,5,2.0,289,1.853939
2026,5,3.0,630,2.1871264
2026,6,1.0,82,1.737268
2026,6,2.0,273,1.8961042
2026,6,3.0,644,2.1975403
2026,7,1.0,72,1.2805432
2026,7,2.0,251,1.9018446
2026,7,3.0,675,2.0327604
2026,8,1.0,67,1.5306095
2026,8,2.0,281,1.7468317
2026,8,3.0,652,2.2686555
