id_transicion,nivel,anio_t,anio_t_menos_2,orden,tipo_fila,fecha_inicio,fecha_fin,n_meses,periodo_intervenido,gana_oficialismo,share_oficialismo,agrupacion_oficialismo,desocupacion,emae,icc,icg,ipc,reservas,resultado_fiscal,salario_real,tc_oficial
municipal_2001_2005,municipal,2005,2001,0,eleccion_t_menos_2,2001-10-14,2001-10-14,,,True,31.925340828746297,PARTIDO JUSTICIALISTA,,,,,,,,,
municipal_2001_2005,municipal,2005,2001,1,trimestre,2001-11-01,2002-01-01,3,False,,,,,,33.24173033333333,1.050189216931661,1.879610412529753,,-2375.552972046502,1860.4906804716584,1.3499999999999999
municipal_2001_2005,municipal,2005,2001,2,trimestre,2002-02-01,2002-04-01,3,False,,,,,,31.232239333333336,0.875776489575704,18.358900195704564,,-2509.392105837871,1697.4781304796743,2.7099999999999995
municipal_2001_2005,municipal,2005,2001,3,trimestre,2002-05-01,2002-07-01,3,False,,,,,,30.899061,0.45011858145395917,11.214704881782623,,1164.8313533447565,1461.674367583161,3.6999999999999997
municipal_2001_2005,municipal,2005,2001,4,trimestre,2002-08-01,2002-10-01,3,False,,,,,,32.600983,0.4190446436405182,3.9510704533215923,,1193.5126994457723,1376.1990271876814,3.6333333333333333
municipal_2001_2005,municipal,2005,2001,5,trimestre,2002-11-01,2003-01-01,3,False,,,,0.204,,39.24745523333333,0.776074488957723,2.025815429792255,9914.678687358575,1773.0588845841623,1353.3468770821312,3.4066666666666667
municipal_2001_2005,municipal,2005,2001,6,trimestre,2003-02-01,2003-04-01,3,False,,,,0.19533333333333333,,39.33029393333334,0.8521494269371033,1.2089602461183402,10204.408938893239,2897.377697357579,1325.32860667227,2.9966666666666666
municipal_2001_2005,municipal,2005,2001,7,trimestre,2003-05-01,2003-07-01,3,False,,,,0.17248988830669654,,50.93326953333334,2.5414560635884604,-0.026864803248694002,11874.751157088709,4012.720840641117,1344.6900454110585,2.856666666666667
municipal_2001_2005,municipal,2005,2001,8,trimestre,2003-08-01,2003-10-01,3,False,,,,0.15580366642022417,,51.83328306666667,2.9950031439463296,0.6538363894691424,13034.094310234612,2817.061375613071,1442.2942241633166,2.9120000000000004
municipal_2001_2005,municipal,2005,2001,9,trimestre,2003-11-01,2004-01-01,3,False,,,,0.14390420859788175,92.62750602691052,52.40890820525322,2.807662089665731,0.8817538316761686,13862.966255866262,2808.902741277079,1528.845901321268,2.9493333333333336
municipal_2001_2005,municipal,2005,2001,10,trimestre,2004-02-01,2004-04-01,3,False,,,,0.1440244518061539,98.21230253670764,55.50581762003056,3.045421520868937,1.5584586479907125,14590.207509816953,6514.790538505552,1592.1383145244292,2.874333333333333
municipal_2001_2005,municipal,2005,2001,11,trimestre,2004-05-01,2004-07-01,3,False,,,,0.14146098549026836,105.54896914421211,50.31297353156848,2.6029983361562095,1.7676258702800318,17138.061574324853,9659.665033338611,1552.9509258096366,2.9659999999999997
municipal_2001_2005,municipal,2005,2001,12,trimestre,2004-08-01,2004-10-01,3,False,,,,0.12761519323634773,98.09259248603796,47.82075989209545,2.156721591949463,1.3746282972264101,18216.71472005636,4771.450143208551,1522.250116544735,2.982666666666667
municipal_2001_2005,municipal,2005,2001,13,trimestre,2004-11-01,2005-01-01,3,False,,,,0.12320740560216974,100.09475366713191,54.322484877734354,2.413697878519694,2.336592710846652,19290.1173553816,2285.0275033201574,1516.6882288999152,2.949333333333333
municipal_2001_2005,municipal,2005,2001,14,trimestre,2005-02-01,2005-04-01,3,False,,,,0.12600480322676813,107.77349416092612,55.54956624464625,2.558748801549276,3.0089603364319206,20628.68261877249,6875.95718889388,1500.3173149799397,2.921666666666667
municipal_2001_2005,municipal,2005,2001,15,trimestre,2005-05-01,2005-07-01,3,False,,,,0.11683598889593427,116.91510194413853,50.84933062483933,2.2509682973225913,2.541537101093594,22725.36992884902,8462.73048106115,1563.4181878503387,2.8770000000000002
municipal_2001_2005,municipal,2005,2001,16,trimestre,2005-08-01,2005-10-01,3,False,,,,0.10759676401065182,105.05789763493623,50.70449027224067,2.242241064707438,2.39889079379505,25569.11020541283,5393.612427071506,1668.6202697846645,2.9410000000000003
municipal_2001_2005,municipal,2005,2001,17,eleccion_t,2005-10-23,2005-10-23,,,True,28.38459609820225,PARTIDO JUSTICIALISTA,,,,,,,,,
municipal_2003_2007,municipal,2007,2003,0,eleccion_t_menos_2,2003-04-27,2003-04-27,,,True,32.246868325347805,PARTIDO JUSTICIALISTA,,,,,,,,,
municipal_2003_2007,municipal,2007,2003,1,trimestre,2003-05-01,2003-07-01,3,False,,,,0.17248988830669654,,50.93326953333334,2.5414560635884604,-0.026864803248694002,11874.751157088709,4012.720840641117,1344.6900454110585,2.856666666666667
municipal_2003_2007,municipal,2007,2003,2,trimestre,2003-08-01,2003-10-01,3,False,,,,0.15580366642022417,,51.83328306666667,2.9950031439463296,0.6538363894691424,13034.094310234612,2817.061375613071,1442.2942241633166,2.9120000000000004
municipal_2003_2007,municipal,2007,2003,3,trimestre,2003-11-01,2004-01-01,3,False,,,,0.14390420859788175,92.62750602691052,52.40890820525322,2.807662089665731,0.8817538316761686,13862.966255866262,2808.902741277079,1528.845901321268,2.9493333333333336
municipal_2003_2007,municipal,2007,2003,4,trimestre,2004-02-01,2004-04-01,3,False,,,,0.1440244518061539,98.21230253670764,55.50581762003056,3.045421520868937,1.5584586479907125,14590.207509816953,6514.790538505552,1592.1383145244292,2.874333333333333
municipal_2003_2007,municipal,2007,2003,5,trimestre,2004-05-01,2004-07-01,3,False,,,,0.14146098549026836,105.54896914421211,50.31297353156848,2.6029983361562095,1.7676258702800318,17138.061574324853,9659.665033338611,1552.9509258096366,2.9659999999999997
municipal_2003_2007,municipal,2007,2003,6,trimestre,2004-08-01,2004-10-01,3,False,,,,0.12761519323634773,98.09259248603796,47.82075989209545,2.156721591949463,1.3746282972264101,18216.71472005636,4771.450143208551,1522.250116544735,2.982666666666667
municipal_2003_2007,municipal,2007,2003,7,trimestre,2004-11-01,2005-01-01,3,False,,,,0.12320740560216974,100.09475366713191,54.322484877734354,2.413697878519694,2.336592710846652,19290.1173553816,2285.0275033201574,1516.6882288999152,2.949333333333333
municipal_2003_2007,municipal,2007,2003,8,trimestre,2005-02-01,2005-04-01,3,False,,,,0.12600480322676813,107.77349416092612,55.54956624464625,2.558748801549276,3.0089603364319206,20628.68261877249,6875.95718889388,1500.3173149799397,2.921666666666667
municipal_2003_2007,municipal,2007,2003,9,trimestre,2005-05-01,2005-07-01,3,False,,,,0.11683598889593427,116.91510194413853,50.84933062483933,2.2509682973225913,2.541537101093594,22725.36992884902,8462.73048106115,1563.4181878503387,2.8770000000000002
municipal_2003_2007,municipal,2007,2003,10,trimestre,2005-08-01,2005-10-01,3,False,,,,0.10759676401065182,105.05789763493623,50.70449027224067,2.242241064707438,2.39889079379505,25569.11020541283,5393.612427071506,1668.6202697846645,2.9410000000000003
municipal_2003_2007,municipal,2007,2003,11,trimestre,2005-11-01,2006-01-01,3,False,,,,0.10459775319128052,108.34600872023888,53.81363420104511,2.4386802514394126,3.638724643528035,24457.016072888717,3886.0952229409945,1693.5014104413751,3.021333333333333
municipal_2003_2007,municipal,2007,2003,12,trimestre,2006-02-01,2006-04-01,3,False,,,,0.10980527511753256,114.9218402650115,56.70319306781948,2.6203507582346597,2.5946047208692313,20932.419322501868,6303.163936028742,1722.9558958435573,3.068
municipal_2003_2007,municipal,2007,2003,13,trimestre,2006-05-01,2006-07-01,3,False,,,,0.10248139276578987,124.90313175977475,57.6754790263935,2.574004570643107,1.5774602463180853,24856.730624010877,7526.205789137063,1794.1281868141905,3.081
municipal_2003_2007,municipal,2007,2003,14,trimestre,2006-08-01,2006-10-01,3,False,,,,0.09604521228485507,115.86119885407788,58.17751677691766,2.478797753651937,2.335397491493385,27717.560795081718,5496.052477178634,1846.2234985702862,3.0966666666666662
municipal_2003_2007,municipal,2007,2003,15,trimestre,2006-11-01,2007-01-01,3,True,,,,0.08979356766756247,117.48190640074002,58.557700034134285,2.486522356669108,2.8594991171357886,31251.55093158961,3505.975165308469,1871.413053049598,3.079
municipal_2003_2007,municipal,2007,2003,16,trimestre,2007-02-01,2007-04-01,3,True,,,,0.0922215158994032,125.16303213519588,57.06077362789228,2.440250555674235,1.822766786321428,35916.01538559328,5717.973001333801,1941.3533312849086,3.0966666666666662
municipal_2003_2007,municipal,2007,2003,17,trimestre,2007-05-01,2007-07-01,3,True,,,,0.08225189128909627,137.03881631485865,51.4715451483982,2.1010339657465615,1.3617977821777094,41813.092831541224,8979.316543426494,2002.3424758179733,3.097
municipal_2003_2007,municipal,2007,2003,18,trimestre,2007-08-01,2007-10-01,3,True,,,,0.07907488955553833,126.1736912113733,47.905738579313436,1.810475508371989,2.085522541049656,43128.564157706096,5995.378394810309,2087.2250427726726,3.1493333333333333
municipal_2003_2007,municipal,2007,2003,19,eleccion_t,2007-10-28,2007-10-28,,,False,21.012383120097894,PARTIDO JUSTICIALISTA,,,,,,,,,
municipal_2005_2009,municipal,2009,2005,0,eleccion_t_menos_2,2005-10-23,2005-10-23,,,True,28.38459609820225,PARTIDO JUSTICIALISTA,,,,,,,,,
municipal_2005_2009,municipal,2009,2005,1,trimestre,2005-11-01,2006-01-01,3,False,,,,0.10459775319128052,108.34600872023888,53.81363420104511,2.4386802514394126,3.638724643528035,24457.016072888717,3886.0952229409945,1693.5014104413751,3.021333333333333
municipal_2005_2009,municipal,2009,2005,2,trimestre,2006-02-01,2006-04-01,3,False,,,,0.10980527511753256,114.9218402650115,56.70319306781948,2.6203507582346597,2.5946047208692313,20932.419322501868,6303.163936028742,1722.9558958435573,3.068
municipal_2005_2009,municipal,2009,2005,3,trimestre,2006-05-01,2006-07-01,3,False,,,,0.10248139276578987,124.90313175977475,57.6754790263935,2.574004570643107,1.5774602463180853,24856.730624010877,7526.205789137063,1794.1281868141905,3.081
municipal_2005_2009,municipal,2009,2005,4,trimestre,2006-08-01,2006-10-01,3,False,,,,0.09604521228485507,115.86119885407788,58.17751677691766,2.478797753651937,2.335397491493385,27717.560795081718,5496.052477178634,1846.2234985702862,3.0966666666666662
municipal_2005_2009,municipal,2009,2005,5,trimestre,2006-11-01,2007-01-01,3,True,,,,0.08979356766756247,117.48190640074002,58.557700034134285,2.486522356669108,2.8594991171357886,31251.55093158961,3505.975165308469,1871.413053049598,3.079
municipal_2005_2009,municipal,2009,2005,6,trimestre,2007-02-01,2007-04-01,3,True,,,,0.0922215158994032,125.16303213519588,57.06077362789228,2.440250555674235,1.822766786321428,35916.01538559328,5717.973001333801,1941.3533312849086,3.0966666666666662
municipal_2005_2009,municipal,2009,2005,7,trimestre,2007-05-01,2007-07-01,3,True,,,,0.08225189128909627,137.03881631485865,51.4715451483982,2.1010339657465615,1.3617977821777094,41813.092831541224,8979.316543426494,2002.3424758179733,3.097
municipal_2005_2009,municipal,2009,2005,8,trimestre,2007-08-01,2007-10-01,3,True,,,,0.07907488955553833,126.1736912113733,47.905738579313436,1.810475508371989,2.085522541049656,43128.564157706096,5995.378394810309,2087.2250427726726,3.1493333333333333
municipal_2005_2009,municipal,2009,2005,9,trimestre,2007-11-01,2008-01-01,3,True,,,,0.07785168454252256,128.28663678065797,52.66910921885317,2.131168802579244,2.7363089825199527,45471.042043010755,3615.662436884221,2106.905290195233,3.1506666666666665
municipal_2005_2009,municipal,2009,2005,10,trimestre,2008-02-01,2008-04-01,3,True,,,,0.08191734386393797,133.4798434495574,47.71949851898402,1.8519647518793743,2.447470059726875,49592.114250401675,7635.013900454932,2239.2745591010494,3.1643333333333334
municipal_2005_2009,municipal,2009,2005,11,trimestre,2008-05-01,2008-07-01,3,True,,,,0.07894345789416195,143.7661120610933,40.127146333333336,1.267168362935384,1.5699999999999825,48322.53046594982,8416.811085195945,2396.4272680025847,3.0559999999999996
municipal_2005_2009,municipal,2009,2005,12,trimestre,2008-08-01,2008-10-01,3,True,,,,0.07609485803437227,131.30734625599024,41.96622233333333,1.4052430788675945,1.4177414590922588,46993.6046594982,5840.100425836809,2517.330865314086,3.184333333333333
municipal_2005_2009,municipal,2009,2005,13,trimestre,2008-11-01,2009-01-01,3,True,,,,0.0763943045809428,121.91732942958781,39.117252666666666,1.4333923657735188,1.2134744199592262,46217.0917562724,932.1354247996846,2509.3178921063554,3.438
municipal_2005_2009,municipal,2009,2005,14,trimestre,2009-02-01,2009-04-01,3,True,,,,0.08487090891311112,123.00500765689749,38.14662933333333,1.3622303406397502,1.409936696719738,46753.2402201741,1913.3507737811524,2530.2140318705133,3.6670000000000003
municipal_2005_2009,municipal,2009,2005,15,trimestre,2009-05-01,2009-06-01,2,True,,,,0.0873917902564734,131.17416426310106,39.6486855,1.3309803009033203,0.7566442826066444,46470.69569892473,-1104.186311463262,2576.8406975304474,3.773
municipal_2005_2009,municipal,2009,2005,16,eleccion_t,2009-06-28,2009-06-28,,,False,20.763551954289092,PARTIDO PROGRESO SOCIAL,,,,,,,,,
municipal_2007_2011,municipal,2011,2007,0,eleccion_t_menos_2,2007-10-28,2007-10-28,,,False,21.012383120097894,PARTIDO JUSTICIALISTA,,,,,,,,,
municipal_2007_2011,municipal,2011,2007,1,trimestre,2007-11-01,2008-01-01,3,True,,,,0.07785168454252256,128.28663678065797,52.66910921885317,2.131168802579244,2.7363089825199527,45471.042043010755,3615.662436884221,2106.905290195233,3.1506666666666665
municipal_2007_2011,municipal,2011,2007,2,trimestre,2008-02-01,2008-04-01,3,True,,,,0.08191734386393797,133.4798434495574,47.71949851898402,1.8519647518793743,2.447470059726875,49592.114250401675,7635.013900454932,2239.2745591010494,3.1643333333333334
municipal_2007_2011,municipal,2011,2007,3,trimestre,2008-05-01,2008-07-01,3,True,,,,0.07894345789416195,143.7661120610933,40.127146333333336,1.267168362935384,1.5699999999999825,48322.53046594982,8416.811085195945,2396.4272680025847,3.0559999999999996
municipal_2007_2011,municipal,2011,2007,4,trimestre,2008-08-01,2008-10-01,3,True,,,,0.07609485803437227,131.30734625599024,41.96622233333333,1.4052430788675945,1.4177414590922588,46993.6046594982,5840.100425836809,2517.330865314086,3.184333333333333
municipal_2007_2011,municipal,2011,2007,5,trimestre,2008-11-01,2009-01-01,3,True,,,,0.0763943045809428,121.91732942958781,39.117252666666666,1.4333923657735188,1.2134744199592262,46217.0917562724,932.1354247996846,2509.3178921063554,3.438
municipal_2007_2011,municipal,2011,2007,6,trimestre,2009-02-01,2009-04-01,3,True,,,,0.08487090891311112,123.00500765689749,38.14662933333333,1.3622303406397502,1.409936696719738,46753.2402201741,1913.3507737811524,2530.2140318705133,3.6670000000000003
municipal_2007_2011,municipal,2011,2007,7,trimestre,2009-05-01,2009-07-01,3,True,,,,0.08855295135492913,129.90379563373872,40.548537,1.2989150683085124,1.380875815757121,46311.184229390674,-965.9342023556084,2589.6480042808016,3.7920000000000003
municipal_2007_2011,municipal,2011,2007,8,trimestre,2009-08-01,2009-10-01,3,True,,,,0.08849077613356955,125.75609207212312,39.916546000000004,1.1600667238235474,2.3882824890381515,45258.878145917515,-499.41491649938604,2564.0286406293144,3.837666666666667
municipal_2007_2011,municipal,2011,2007,9,trimestre,2009-11-01,2010-01-01,3,True,,,,0.08348118753135166,124.96147803836043,42.09118900000001,1.1436362663904827,2.824601366742585,47545.63799586488,-261.70322242252524,2630.0998532824237,3.8153333333333332
municipal_2007_2011,municipal,2011,2007,10,trimestre,2010-02-01,2010-04-01,3,True,,,,0.08166666666666667,134.16414506850626,42.799141999999996,1.3139472405115764,3.252104563579983,47730.805043522785,1028.1243101843675,2785.548625042931,3.875
municipal_2007_2011,municipal,2011,2007,11,trimestre,2010-05-01,2010-07-01,3,True,,,,0.07766666666666666,149.15929005574017,48.112016000000004,1.636325756708781,2.3000343288705816,49382.71831998723,3382.281797248239,2881.585988184162,3.9333333333333336
municipal_2007_2011,municipal,2011,2007,12,trimestre,2010-08-01,2010-10-01,3,True,,,,0.07433333333333332,136.36041730523388,49.75397266666667,1.7527368068695068,2.323825503355703,50912.218592640886,-2384.4658273307286,3053.3184398902395,3.955666666666667
municipal_2007_2011,municipal,2011,2007,13,trimestre,2010-11-01,2011-01-01,3,True,,,,0.07333333333333332,137.05113083833032,54.755413,2.2945168018341064,2.3120439452324337,52244.439412693144,-6975.764427699815,3139.1755324348596,3.9906666666666664
municipal_2007_2011,municipal,2011,2007,14,trimestre,2011-02-01,2011-04-01,3,True,,,,0.07366666666666666,142.51584965908788,55.25189833333334,2.257762591044108,2.436092635627851,52117.14416282642,1179.3825183634224,3325.6212240374675,4.054666666666667
municipal_2007_2011,municipal,2011,2007,15,trimestre,2011-05-01,2011-07-01,3,True,,,,0.07266666666666666,156.41669629124704,56.445114,2.3455597559611,2.260815145114603,51977.76666666666,-594.0550915673153,3546.8559867998338,4.114999999999999
municipal_2007_2011,municipal,2011,2007,16,trimestre,2011-08-01,2011-10-01,3,True,,,,0.07033333333333333,146.20647154459633,58.149742333333336,2.526399294535319,2.31793145654835,49282.279569892475,-6731.092392305686,3770.4498520515867,4.213666666666667
municipal_2007_2011,municipal,2011,2007,17,eleccion_t,2011-10-23,2011-10-23,,,True,45.44032655471154,PARTIDO PROGRESO SOCIAL,,,,,,,,,
municipal_2009_2013,municipal,2013,2009,0,eleccion_t_menos_2,2009-06-28,2009-06-28,,,False,20.763551954289092,PARTIDO PROGRESO SOCIAL,,,,,,,,,
municipal_2009_2013,municipal,2013,2009,1,trimestre,2009-07-01,2009-10-01,4,True,,,,0.08908690048813732,126.15783364784588,40.524469499999995,1.1787461936473846,3.0226227353796986,45442.19893201878,-546.9186834096149,2576.837134917363,3.83575
municipal_2009_2013,municipal,2013,2009,2,trimestre,2009-11-01,2010-01-01,3,True,,,,0.08348118753135166,124.96147803836043,42.09118900000001,1.1436362663904827,2.824601366742585,47545.63799586488,-261.70322242252524,2630.0998532824237,3.8153333333333332
municipal_2009_2013,municipal,2013,2009,3,trimestre,2010-02-01,2010-04-01,3,True,,,,0.08166666666666667,134.16414506850626,42.799141999999996,1.3139472405115764,3.252104563579983,47730.805043522785,1028.1243101843675,2785.548625042931,3.875
municipal_2009_2013,municipal,2013,2009,4,trimestre,2010-05-01,2010-07-01,3,True,,,,0.07766666666666666,149.15929005574017,48.112016000000004,1.636325756708781,2.3000343288705816,49382.71831998723,3382.281797248239,2881.585988184162,3.9333333333333336
municipal_2009_2013,municipal,2013,2009,5,trimestre,2010-08-01,2010-10-01,3,True,,,,0.07433333333333332,136.36041730523388,49.75397266666667,1.7527368068695068,2.323825503355703,50912.218592640886,-2384.4658273307286,3053.3184398902395,3.955666666666667
municipal_2009_2013,municipal,2013,2009,6,trimestre,2010-11-01,2011-01-01,3,True,,,,0.07333333333333332,137.05113083833032,54.755413,2.2945168018341064,2.3120439452324337,52244.439412693144,-6975.764427699815,3139.1755324348596,3.9906666666666664
municipal_2009_2013,municipal,2013,2009,7,trimestre,2011-02-01,2011-04-01,3,True,,,,0.07366666666666666,142.51584965908788,55.25189833333334,2.257762591044108,2.436092635627851,52117.14416282642,1179.3825183634224,3325.6212240374675,4.054666666666667
municipal_2009_2013,municipal,2013,2009,8,trimestre,2011-05-01,2011-07-01,3,True,,,,0.07266666666666666,156.41669629124704,56.445114,2.3455597559611,2.260815145114603,51977.76666666666,-594.0550915673153,3546.8559867998338,4.114999999999999
municipal_2009_2013,municipal,2013,2009,9,trimestre,2011-08-01,2011-10-01,3,True,,,,0.07033333333333333,146.20647154459633,58.149742333333336,2.526399294535319,2.31793145654835,49282.279569892475,-6731.092392305686,3770.4498520515867,4.213666666666667
municipal_2009_2013,municipal,2013,2009,10,trimestre,2011-11-01,2012-01-01,3,True,,,,0.06833333333333334,141.97246142384054,55.53752766666667,2.7158005237579346,2.3626168224299082,46334.846594982075,-8359.455794943278,3899.0474404340293,4.307333333333333
municipal_2009_2013,municipal,2013,2009,11,trimestre,2012-02-01,2012-04-01,3,True,,,,0.07133333333333332,141.77394016808137,48.89415366666666,2.213916301727295,2.5272076546636546,47147.26609813373,-2447.2657655345956,4118.049780032662,4.384333333333333
municipal_2009_2013,municipal,2013,2009,12,trimestre,2012-05-01,2012-07-01,3,True,,,,0.07333333333333332,151.10002835996744,44.79893366666667,1.9868289629618328,2.343805656479292,46895.533691756274,-3989.914955284656,4388.367981091783,4.527666666666667
municipal_2009_2013,municipal,2013,2009,13,trimestre,2012-08-01,2012-10-01,3,True,,,,0.07366666666666667,145.1320321538084,42.817374,1.6987469991048176,2.6381734651259814,45182.29898989899,-6432.373803027829,4511.66287036345,4.700333333333333
municipal_2009_2013,municipal,2013,2009,14,trimestre,2012-11-01,2013-01-01,3,True,,,,0.07233333333333335,142.1585205897707,45.334042000000004,1.7854159275690715,3.146829433706344,44134.27849462366,-11173.296805513928,4643.6684180804,4.911333333333333
municipal_2009_2013,municipal,2013,2009,15,trimestre,2013-02-01,2013-04-01,3,True,,,,0.07666666666666666,146.0469544912988,46.19341133333333,1.834873119990031,1.9593661647708593,41136.33123399897,-4822.9602424298755,4855.052267022326,5.118333333333333
municipal_2009_2013,municipal,2013,2009,16,trimestre,2013-05-01,2013-07-01,3,True,,,,0.07066666666666667,158.3254482836766,44.540820999999994,1.6144299109776814,2.4698523247565607,38186.50501792115,-6330.573845634637,5091.813553059367,5.392333333333333
municipal_2009_2013,municipal,2013,2009,17,trimestre,2013-08-01,2013-10-01,3,True,,,,0.06666666666666667,148.0400843715365,50.175792666666666,1.8522202173868816,2.5802391441158035,35611.40658194852,-17833.374992650508,5222.903456957951,5.792333333333333
municipal_2009_2013,municipal,2013,2009,18,eleccion_t,2013-10-27,2013-10-27,,,False,,ALIANZA FRENTE PARA LA VICTORIA,,,,,,,,,
municipal_2011_2015,municipal,2015,2011,0,eleccion_t_menos_2,2011-10-23,2011-10-23,,,True,45.44032655471154,PARTIDO PROGRESO SOCIAL,,,,,,,,,
municipal_2011_2015,municipal,2015,2011,1,trimestre,2011-11-01,2012-01-01,3,True,,,,0.06833333333333334,141.97246142384054,55.53752766666667,2.7158005237579346,2.3626168224299082,46334.846594982075,-8359.455794943278,3899.0474404340293,4.307333333333333
municipal_2011_2015,municipal,2015,2011,2,trimestre,2012-02-01,2012-04-01,3,True,,,,0.07133333333333332,141.77394016808137,48.89415366666666,2.213916301727295,2.5272076546636546,47147.26609813373,-2447.2657655345956,4118.049780032662,4.384333333333333
municipal_2011_2015,municipal,2015,2011,3,trimestre,2012-05-01,2012-07-01,3,True,,,,0.07333333333333332,151.10002835996744,44.79893366666667,1.9868289629618328,2.343805656479292,46895.533691756274,-3989.914955284656,4388.367981091783,4.527666666666667
municipal_2011_2015,municipal,2015,2011,4,trimestre,2012-08-01,2012-10-01,3,True,,,,0.07366666666666667,145.1320321538084,42.817374,1.6987469991048176,2.6381734651259814,45182.29898989899,-6432.373803027829,4511.66287036345,4.700333333333333
municipal_2011_2015,municipal,2015,2011,5,trimestre,2012-11-01,2013-01-01,3,True,,,,0.07233333333333335,142.1585205897707,45.334042000000004,1.7854159275690715,3.146829433706344,44134.27849462366,-11173.296805513928,4643.6684180804,4.911333333333333
municipal_2011_2015,municipal,2015,2011,6,trimestre,2013-02-01,2013-04-01,3,True,,,,0.07666666666666666,146.0469544912988,46.19341133333333,1.834873119990031,1.9593661647708593,41136.33123399897,-4822.9602424298755,4855.052267022326,5.118333333333333
municipal_2011_2015,municipal,2015,2011,7,trimestre,2013-05-01,2013-07-01,3,True,,,,0.07066666666666667,158.3254482836766,44.540820999999994,1.6144299109776814,2.4698523247565607,38186.50501792115,-6330.573845634637,5091.813553059367,5.392333333333333
municipal_2011_2015,municipal,2015,2011,8,trimestre,2013-08-01,2013-10-01,3,True,,,,0.06666666666666667,148.0400843715365,50.175792666666666,1.8522202173868816,2.5802391441158035,35611.40658194852,-17833.374992650508,5222.903456957951,5.792333333333333
municipal_2011_2015,municipal,2015,2011,9,trimestre,2013-11-01,2014-01-01,3,True,,,,0.06633333333333334,142.08082471692424,46.568451,1.682513157526652,2.355828220858891,30825.595340501794,-29541.343023558205,5254.49506089741,6.890666666666667
municipal_2011_2015,municipal,2015,2011,10,trimestre,2014-02-01,2014-04-01,3,True,,,,0.071,143.12185680579069,35.45561466666667,1.4421308835347493,,27563.15573476702,,,7.959333333333333
municipal_2011_2015,municipal,2015,2011,11,trimestre,2014-05-01,2014-07-01,3,True,,,,0.07233333333333332,154.4765272221825,40.91977833333333,1.6946115096410115,,28922.771684587813,,,8.142
municipal_2011_2015,municipal,2015,2011,12,trimestre,2014-08-01,2014-10-01,3,True,,,,0.073,141.72447819440967,43.111648333333335,1.724388837814331,,28237.264157706097,,,8.443666666666667
municipal_2011_2015,municipal,2015,2011,13,trimestre,2014-11-01,2015-01-01,3,True,,,,0.06966666666666667,138.43724123924721,45.945330222222225,1.6883504390716553,,29994.79534050179,,,8.573
municipal_2011_2015,municipal,2015,2011,14,trimestre,2015-02-01,2015-04-01,3,True,,,,0.06933333333333333,146.5071664921388,51.974674666666665,1.8043383359909058,,31593.437557603687,,,8.818333333333333
municipal_2011_2015,municipal,2015,2011,15,trimestre,2015-05-01,2015-07-01,3,True,,,,0.06366666666666666,161.22276231400656,55.321869,2.021416505177816,,33782.58207885305,,,9.09
municipal_2011_2015,municipal,2015,2011,16,trimestre,2015-08-01,2015-10-01,3,True,,,,0.059,146.46442235895975,56.12057766666667,1.8678990602493286,,31762.825448028674,,,9.421333333333333
municipal_2011_2015,municipal,2015,2011,17,eleccion_t,2015-10-25,2015-10-25,,,False,28.42568977509854,ALIANZA FRENTE PARA LA VICTORIA,,,,,,,,,
municipal_2013_2017,municipal,2017,2013,0,eleccion_t_menos_2,2013-10-27,2013-10-27,,,False,,ALIANZA FRENTE PARA LA VICTORIA,,,,,,,,,
municipal_2013_2017,municipal,2017,2013,1,trimestre,2013-11-01,2014-01-01,3,True,,,,0.06633333333333334,142.08082471692424,46.568451,1.682513157526652,2.355828220858891,30825.595340501794,-29541.343023558205,5254.49506089741,6.890666666666667
municipal_2013_2017,municipal,2017,2013,2,trimestre,2014-02-01,2014-04-01,3,True,,,,0.071,143.12185680579069,35.45561466666667,1.4421308835347493,,27563.15573476702,,,7.959333333333333
municipal_2013_2017,municipal,2017,2013,3,trimestre,2014-05-01,2014-07-01,3,True,,,,0.07233333333333332,154.4765272221825,40.91977833333333,1.6946115096410115,,28922.771684587813,,,8.142
municipal_2013_2017,municipal,2017,2013,4,trimestre,2014-08-01,2014-10-01,3,True,,,,0.073,141.72447819440967,43.111648333333335,1.724388837814331,,28237.264157706097,,,8.443666666666667
municipal_2013_2017,municipal,2017,2013,5,trimestre,2014-11-01,2015-01-01,3,True,,,,0.06966666666666667,138.43724123924721,45.945330222222225,1.6883504390716553,,29994.79534050179,,,8.573
municipal_2013_2017,municipal,2017,2013,6,trimestre,2015-02-01,2015-04-01,3,True,,,,0.06933333333333333,146.5071664921388,51.974674666666665,1.8043383359909058,,31593.437557603687,,,8.818333333333333
municipal_2013_2017,municipal,2017,2013,7,trimestre,2015-05-01,2015-07-01,3,True,,,,0.06366666666666666,161.22276231400656,55.321869,2.021416505177816,,33782.58207885305,,,9.09
municipal_2013_2017,municipal,2017,2013,8,trimestre,2015-08-01,2015-10-01,3,True,,,,0.059,146.46442235895975,56.12057766666667,1.8678990602493286,,31762.825448028674,,,9.421333333333333
municipal_2013_2017,municipal,2017,2013,9,trimestre,2015-11-01,2016-01-01,3,True,,,,,140.9547168445902,56.417628,2.2280908823013306,,25658.90573476702,,,12.229333333333335
municipal_2013_2017,municipal,2017,2013,10,trimestre,2016-02-01,2016-04-01,3,False,,,,0.093,145.85697654731658,45.64581533333333,2.8715277512868247,,29745.51484365344,,,14.916666666666666
municipal_2013_2017,municipal,2017,2013,11,trimestre,2016-05-01,2016-07-01,3,False,,,,0.09033333333333333,153.63560143656807,43.611326999999996,2.651784578959147,,32098.96487455197,,,14.680333333333332
municipal_2013_2017,municipal,2017,2013,12,trimestre,2016-08-01,2016-10-01,3,False,,,,0.082,142.2729011298356,43.97888966666667,2.568150440851847,,33152.62616487455,,,15.13
municipal_2013_2017,municipal,2017,2013,13,trimestre,2016-11-01,2017-01-01,3,False,,,,0.08133333333333333,141.38704176140382,44.29366066666666,2.490325689315796,-39.1117837449053,38904.21720430107,-31225.83955696612,20704.87879236193,15.885
municipal_2013_2017,municipal,2017,2013,14,trimestre,2017-02-01,2017-04-01,3,False,,,,0.09033333333333333,145.5752732344558,42.607290222222225,2.4252951939900718,7.265575242233435,50107.91233998976,-25608.162437534924,20833.597542371088,15.423333333333334
municipal_2013_2017,municipal,2017,2013,15,trimestre,2017-05-01,2017-07-01,3,False,,,,0.08566666666666667,159.91031502091337,43.426430333333336,2.3484925429026284,4.421993141023828,47004.943879428705,-35417.64686851373,21114.02979106158,16.780333333333335
municipal_2013_2017,municipal,2017,2013,16,trimestre,2017-08-01,2017-10-01,3,False,,,,0.07933333333333333,148.34261736586984,49.918902,2.7381502787272134,4.893079240533926,50294.40071684588,-29559.31139263372,21480.029597274723,17.433333333333334
municipal_2013_2017,municipal,2017,2013,17,eleccion_t,2017-10-22,2017-10-22,,,True,48.10592155759706,CAMBIEMOS BUENOS AIRES,,,,,,,,,
municipal_2015_2019,municipal,2019,2015,0,eleccion_t_menos_2,2015-10-25,2015-10-25,,,False,28.42568977509854,ALIANZA FRENTE PARA LA VICTORIA,,,,,,,,,
municipal_2015_2019,municipal,2019,2015,1,trimestre,2015-11-01,2016-01-01,3,True,,,,,140.9547168445902,56.417628,2.2280908823013306,,25658.90573476702,,,12.229333333333335
municipal_2015_2019,municipal,2019,2015,2,trimestre,2016-02-01,2016-04-01,3,False,,,,0.093,145.85697654731658,45.64581533333333,2.8715277512868247,,29745.51484365344,,,14.916666666666666
municipal_2015_2019,municipal,2019,2015,3,trimestre,2016-05-01,2016-07-01,3,False,,,,0.09033333333333333,153.63560143656807,43.611326999999996,2.651784578959147,,32098.96487455197,,,14.680333333333332
municipal_2015_2019,municipal,2019,2015,4,trimestre,2016-08-01,2016-10-01,3,False,,,,0.082,142.2729011298356,43.97888966666667,2.568150440851847,,33152.62616487455,,,15.13
municipal_2015_2019,municipal,2019,2015,5,trimestre,2016-11-01,2017-01-01,3,False,,,,0.08133333333333333,141.38704176140382,44.29366066666666,2.490325689315796,-39.1117837449053,38904.21720430107,-31225.83955696612,20704.87879236193,15.885
municipal_2015_2019,municipal,2019,2015,6,trimestre,2017-02-01,2017-04-01,3,False,,,,0.09033333333333333,145.5752732344558,42.607290222222225,2.4252951939900718,7.265575242233435,50107.91233998976,-25608.162437534924,20833.597542371088,15.423333333333334
municipal_2015_2019,municipal,2019,2015,7,trimestre,2017-05-01,2017-07-01,3,False,,,,0.08566666666666667,159.91031502091337,43.426430333333336,2.3484925429026284,4.421993141023828,47004.943879428705,-35417.64686851373,21114.02979106158,16.780333333333335
municipal_2015_2019,municipal,2019,2015,8,trimestre,2017-08-01,2017-10-01,3,False,,,,0.07933333333333333,148.34261736586984,49.918902,2.7381502787272134,4.893079240533926,50294.40071684588,-29559.31139263372,21480.029597274723,17.433333333333334
municipal_2015_2019,municipal,2019,2015,9,trimestre,2017-11-01,2018-01-01,3,False,,,,0.07833333333333332,147.15011345580788,46.490158,2.5361838340759277,6.397755226521706,56733.36917562724,-46691.734653105465,21305.901195409326,18.53333333333333
municipal_2015_2019,municipal,2019,2015,10,trimestre,2018-02-01,2018-04-01,3,False,,,,0.09266666666666667,148.73330129045686,42.57396433333333,2.2356061935424805,7.687691896995563,61606.450325140795,-23781.09910958273,21096.9688573274,20.264666666666667
municipal_2015_2019,municipal,2019,2015,11,trimestre,2018-05-01,2018-07-01,3,False,,,,0.09400000000000001,152.21866001379217,36.098866666666666,1.9981150229771931,9.173886591123148,55819.626523297484,-25837.507600689136,20580.74179304019,27.073333333333334
municipal_2015_2019,municipal,2019,2015,12,trimestre,2018-08-01,2018-10-01,3,False,,,,0.09033333333333333,142.4519352457851,34.199211,1.8189602692921956,16.64518816905407,51721.50189964157,-20199.560491048494,19362.88958976531,38.01666666666667
municipal_2015_2019,municipal,2019,2015,13,trimestre,2018-11-01,2019-01-01,3,False,,,,0.09433333333333334,137.12675438369595,33.72941333333333,1.7734636863072712,8.879150006919412,58593.529534050176,-36493.14169276256,18688.54569942383,37.59
municipal_2015_2019,municipal,2019,2015,14,trimestre,2019-02-01,2019-04-01,3,False,,,,0.10266666666666667,142.38245499066952,35.081910666666666,1.6408089399337769,12.31450297215182,69207.01518945211,-11530.824365811932,18724.156239282904,42.214999999999996
municipal_2015_2019,municipal,2019,2015,15,trimestre,2019-05-01,2019-07-01,3,False,,,,0.103,153.92390015237402,40.40775933333333,1.8205705881118774,8.23365332732946,66078.3135125448,-3695.5869486907645,18617.37408867602,43.69333333333333
municipal_2015_2019,municipal,2019,2015,16,trimestre,2019-08-01,2019-10-01,3,False,,,,0.09433333333333334,139.26444592593023,42.576177,2.0418601433436074,13.69757998038994,53090.930501792114,-6721.598439624841,18194.292904997325,58.925000000000004
municipal_2015_2019,municipal,2019,2015,17,eleccion_t,2019-10-27,2019-10-27,,,True,48.72403828359661,CAMBIEMOS BUENOS AIRES,,,,,,,,,
municipal_2017_2021,municipal,2021,2017,0,eleccion_t_menos_2,2017-10-22,2017-10-22,,,True,48.10592155759706,CAMBIEMOS BUENOS AIRES,,,,,,,,,
municipal_2017_2021,municipal,2021,2017,1,trimestre,2017-11-01,2018-02-01,4,False,,,,0.08149999999999999,145.0670951797703,45.8232735,2.4821333289146423,8.971553243828367,58125.093846006144,-40532.96131201737,21253.932549609493,18.9275
municipal_2017_2021,municipal,2021,2017,2,trimestre,2018-03-01,2018-05-01,3,False,,,,0.09433333333333334,155.64951863254328,39.988803999999995,2.1082694133122764,7.326354022663284,58842.649211469536,-20760.950913295146,21070.272049430314,21.881333333333334
municipal_2017_2021,municipal,2021,2017,3,trimestre,2018-06-01,2018-08-01,3,False,,,,0.09200000000000001,147.95174923253316,36.15966133333333,2.0002442995707193,11.11410401800137,56453.30609318995,-27701.932031484394,20232.418537237292,31.036666666666665
municipal_2017_2021,municipal,2021,2017,4,trimestre,2018-09-01,2018-11-01,3,False,,,,0.09066666666666667,140.39408434285042,32.81521466666667,1.7599660952885945,15.818737693693375,50628.649713261635,-23308.836656983523,18964.79496817186,38.306666666666665
municipal_2017_2021,municipal,2021,2017,5,trimestre,2018-12-01,2019-02-01,3,False,,,,0.09766666666666668,134.3519148128296,35.043557666666665,1.7821688254674275,9.525392064520588,63377.76278801842,-29806.95911961804,18652.39210352371,38.06666666666667
municipal_2017_2021,municipal,2021,2017,6,trimestre,2019-03-01,2019-05-01,3,False,,,,0.10433333333333333,153.00505847839744,35.22608833333333,1.5829112927118938,11.597961068380647,69445.98896057346,-7113.735267459149,18711.563710646355,44.085
municipal_2017_2021,municipal,2021,2017,7,trimestre,2019-06-01,2019-08-01,3,False,,,,0.09999999999999999,146.30431202068067,42.20453766666666,2.0144505500793457,9.126329706684588,64286.315663082445,-5694.97801114557,18540.587329875634,48.60999999999999
municipal_2017_2021,municipal,2021,2017,8,trimestre,2019-09-01,2019-11-01,3,False,,,,0.09166666666666667,138.0960775887606,42.40674466666667,1.9675170183181763,14.026302159738613,46811.99021505376,-10391.841315165939,17988.619006523488,59.06833333333333
municipal_2017_2021,municipal,2021,2017,9,trimestre,2019-12-01,2020-02-01,3,False,,,,0.09899999999999999,132.8766264546019,42.70591733333333,2.1869348684946694,8.217021123961343,44762.1510567297,-25282.200929073195,18290.59789819949,60.81666666666666
municipal_2017_2021,municipal,2021,2017,10,trimestre,2020-03-01,2020-05-01,3,False,,,,0.122,124.17855479446912,39.641108,2.8661766052246094,6.5082559374429305,43693.89322580645,-67636.0181114323,18365.824540601865,66.61633333333333
municipal_2017_2021,municipal,2021,2017,11,trimestre,2020-06-01,2020-08-01,3,False,,,,0.12166666666666666,128.38984949870945,39.65555066666667,2.5592265923817954,7.035213698446552,43172.098458781365,-54120.00901946664,18190.139673113066,72.32
municipal_2017_2021,municipal,2021,2017,12,trimestre,2020-09-01,2020-11-01,3,False,,,,0.11205288142618135,130.1964110802925,40.001765,2.0817307233810425,10.074638821443571,40751.3341218638,-33890.864727843764,17846.44351562629,78.60333333333334
municipal_2017_2021,municipal,2021,2017,13,trimestre,2020-12-01,2021-02-01,3,False,,,,0.10452644071309065,130.53838998676312,38.42884466666667,1.8485209544499714,12.085134780744289,39295.31701228879,-31805.694123240784,17224.814258362418,87.10000000000001
municipal_2017_2021,municipal,2021,2017,14,trimestre,2021-03-01,2021-05-01,3,False,,,,0.09800602224046073,148.135688820385,36.321598,1.8163034518559773,12.71234635736349,40274.320609318995,-9457.749552171686,17506.058359429186,93.37333333333333
municipal_2017_2021,municipal,2021,2017,15,trimestre,2021-06-01,2021-08-01,3,False,,,,0.08666967778689698,144.12682363218266,37.420748333333336,1.7189252376556396,8.889903461517946,42854.21035842295,-31476.49886997072,17632.6672450317,96.71666666666665
municipal_2017_2021,municipal,2021,2017,16,trimestre,2021-09-01,2021-11-01,3,False,,,,0.07399999999999997,141.5209084696172,40.140670666666665,1.5335700114568074,9.899054495525217,43437.40100358424,-9769.342431702464,17859.407913003237,99.80666666666666
municipal_2017_2021,municipal,2021,2017,17,eleccion_t,2021-11-14,2021-11-14,,,True,46.07465320167037,JUNTOS POR EL CAMBIO,,,,,,,,,
municipal_2019_2023,municipal,2023,2019,0,eleccion_t_menos_2,2019-10-27,2019-10-27,,,True,48.72403828359661,CAMBIEMOS BUENOS AIRES,,,,,,,,,
municipal_2019_2023,municipal,2023,2019,1,trimestre,2019-11-01,2020-01-01,3,False,,,,0.09399999999999999,135.80935676217962,42.245765666666664,2.089657704035441,10.5941974181323,44347.79412186381,-24371.229509778062,17861.95116353614,60.06
municipal_2019_2023,municipal,2023,2019,2,trimestre,2020-02-01,2020-04-01,3,False,,,,0.11299999999999999,123.49324464421882,41.08062733333333,2.6223416328430176,7.002176103983748,44242.9281535039,-45127.96764728397,18683.20179753268,64.50633333333333
municipal_2019_2023,municipal,2023,2019,3,trimestre,2020-05-01,2020-07-01,3,False,,,,0.12633333333333333,130.33840797787698,38.689669333333335,2.7671894232432046,5.828985345553361,43149.37372759857,-71466.31812791496,18220.283891056562,70.44
municipal_2019_2023,municipal,2023,2019,4,trimestre,2020-08-01,2020-10-01,3,False,,,,0.11452644071309066,127.90149058257579,40.15143066666666,2.2012354930241904,9.584236995942131,42080.6853046595,-36536.70505826426,17964.814047140168,76.22666666666667
municipal_2019_2023,municipal,2023,2019,5,trimestre,2020-11-01,2021-01-01,3,False,,,,0.10705288142618134,132.48151941497395,39.46181133333334,1.9161137342453003,11.63611440900636,39224.310107526886,-36255.319186853725,17321.225568962884,84.26333333333334
municipal_2019_2023,municipal,2023,2019,6,trimestre,2021-02-01,2021-04-01,3,False,,,,0.10000301112023036,139.82567036359035,37.098635333333334,1.777806321779887,12.986868725360035,39697.77955709166,-11309.625051864683,17507.415047004644,91.79333333333334
municipal_2019_2023,municipal,2023,2019,7,trimestre,2021-05-01,2021-07-01,3,False,,,,0.09133935557379402,147.52495083583963,35.97791166666667,1.7779012123743694,9.79794348201688,42120.90605734767,-22258.56831086778,17525.988021691428,95.65666666666668
municipal_2019_2023,municipal,2023,2019,8,trimestre,2021-08-01,2021-10-01,3,False,,,,0.07799999999999994,140.59526283924677,40.16471066666667,1.634084701538086,9.83369360329589,43718.42659498209,-8601.964917207875,17781.723039439996,98.73333333333333
municipal_2019_2023,municipal,2023,2019,9,trimestre,2021-11-01,2022-01-01,3,False,,,,0.07,143.53990584976816,39.19886533333334,1.4734053214391072,10.592871026953631,40670.573333333334,-45395.55649820049,17763.548902938852,102.89999999999999
municipal_2019_2023,municipal,2023,2019,10,trimestre,2022-02-01,2022-04-01,3,False,,,,0.06966666666666667,149.81401883092408,37.35457066666667,1.4767930507659912,18.49625399793102,39591.64375832052,-28289.995095179256,17862.52579608261,111.25666666666666
municipal_2019_2023,municipal,2023,2019,11,trimestre,2022-05-01,2022-07-01,3,False,,,,0.06966666666666667,159.52986161039135,36.712551,1.2738395929336548,18.805076966702504,40911.54093189963,-31635.9482128216,17675.289859554567,125.56666666666668
municipal_2019_2023,municipal,2023,2019,12,trimestre,2022-08-01,2022-10-01,3,False,,,,0.06827267971961536,149.06482826099128,36.62844966666666,1.2364622354507446,20.77401994221384,37674.125770609324,-17541.486657451434,17045.668963640357,147.65333333333334
municipal_2019_2023,municipal,2023,2019,13,trimestre,2022-11-01,2023-01-01,3,False,,,,0.0647937845645218,145.7486415875638,36.524099666666665,1.2383135954538982,16.940991886894817,40582.04426523297,-31750.02001906696,16979.606413297268,177.14666666666668
municipal_2019_2023,municipal,2023,2019,14,trimestre,2023-02-01,2023-04-01,3,False,,,,0.06649685025058213,147.46366776116724,37.151119,1.1401749054590862,24.458922391828942,38321.402764976956,-25796.256426905253,17334.660285895192,209.61333333333334
municipal_2019_2023,municipal,2023,2019,15,trimestre,2023-05-01,2023-07-01,3,False,,,,0.0604200995698082,152.20315190979832,41.221264999999995,1.1358386675516765,21.43106796907619,30532.174193548388,-31732.21702077631,17638.347920644403,257.15000000000003
municipal_2019_2023,municipal,2023,2019,16,trimestre,2023-08-01,2023-10-01,3,False,,,,0.057173532472949734,149.28279067376533,44.18633500000001,1.179225007692973,37.30241697329903,25961.955913978498,-19497.468270558253,16674.09870856934,349.98336666666665
municipal_2019_2023,municipal,2023,2019,17,eleccion_t,2023-10-22,2023-10-22,,,False,38.13533493518184,JUNTOS POR EL CAMBIO,,,,,,,,,
municipal_2021_2025,municipal,2025,2021,0,eleccion_t_menos_2,2021-11-14,2021-11-14,,,True,46.07465320167037,JUNTOS POR EL CAMBIO,,,,,,,,,
municipal_2021_2025,municipal,2025,2021,1,trimestre,2021-12-01,2022-03-01,4,False,,,,0.07,144.66205106243603,38.562212,1.4861772656440735,20.526729021547506,38827.95115207372,-39265.35454966844,17758.69422333163,106.55
municipal_2021_2025,municipal,2025,2021,2,trimestre,2022-04-01,2022-06-01,3,False,,,,0.069,161.268629856248,37.03775233333334,1.3857178688049316,17.30198329548147,41803.55734767025,-36819.076636608625,17821.707195955674,120.24666666666667
municipal_2021_2025,municipal,2025,2021,3,trimestre,2022-07-01,2022-09-01,3,False,,,,0.071,151.02849201906815,36.326594,1.1746713320414226,21.976505741665054,38208.43222222222,-16516.96590716282,17217.054289651136,139.10666666666665
municipal_2021_2025,municipal,2025,2021,4,trimestre,2022-10-01,2022-12-01,3,False,,,,0.0628180391588461,146.92189914306286,35.56742066666666,1.24761958916982,17.293351153242263,39093.206630824374,-30329.522587999938,17046.329137377816,167.11666666666667
municipal_2021_2025,municipal,2025,2021,5,trimestre,2023-01-01,2023-03-01,3,False,,,,0.0687452753758732,145.12203330954216,37.63,1.1949464082717896,21.732356473167556,40331.259754224266,-23664.210413174955,17054.215077661687,197.72
municipal_2021_2025,municipal,2025,2021,6,trimestre,2023-04-01,2023-06-01,3,False,,,,0.062,152.15528569731566,39.060763666666666,1.1130383014678955,23.78083467658818,34208.433333333334,-32265.595014634015,17545.773884617225,239.62666666666667
municipal_2021_2025,municipal,2025,2021,7,trimestre,2023-07-01,2023-09-01,3,False,,,,0.0572602987094246,150.17922815994237,43.670600666666665,1.1690311431884766,34.82151939197882,26253.85913978495,-20562.969110722017,17014.907727153983,325.0667
municipal_2021_2025,municipal,2025,2021,8,trimestre,2023-10-01,2023-12-01,3,False,,,,0.057,144.40759753971076,44.14276366666667,1.8579395612080891,53.28886737359952,22867.55985663082,-35036.61903228054,15478.848052997795,506.3167
municipal_2021_2025,municipal,2025,2021,9,trimestre,2024-01-01,2024-03-01,3,False,,,,0.077,137.74452695566987,36.10585366666667,2.5817583401997886,51.621893085804935,26368.249907304413,21673.301747568566,13010.843717733436,842.2001
municipal_2021_2025,municipal,2025,2021,10,trimestre,2024-04-01,2024-06-01,3,False,,,,0.0756441257608806,150.4610401678626,37.56605133333333,2.4746205806732178,18.566443004936506,29092.683154121867,9815.801079303883,14409.350335368328,894.6667000000001
municipal_2021_2025,municipal,2025,2021,11,trimestre,2024-07-01,2024-09-01,3,False,,,,0.069,147.24321666576773,39.852001,2.3564321994781494,12.1310175386504,27760.750896057347,8515.488385524264,15049.107221123997,952.3333333333334
municipal_2021_2025,municipal,2025,2021,12,trimestre,2024-10-01,2024-12-01,3,False,,,,0.064,148.32009548265833,44.489914999999996,2.5811261336008706,8.02788492685469,30244.156630824375,-2223.5074464987338,15682.251148578986,1011.8333333333334
municipal_2021_2025,municipal,2025,2021,13,trimestre,2025-01-01,2025-03-01,3,False,,,,0.079,146.17046254240904,46.251625,2.527551253636678,8.569114339958727,28907.30721966206,15385.1455432575,16098.183953483984,1064.0833333333333
municipal_2021_2025,municipal,2025,2021,14,trimestre,2025-04-01,2025-06-01,3,False,,,,0.0757623890941418,160.267615463209,45.02299,2.3713761965433755,6.012609986563655,36795.341218637994,9079.180714618424,16436.49592076176,1187.6666666666667
municipal_2021_2025,municipal,2025,2021,15,trimestre,2025-07-01,2025-09-01,3,False,,,,0.066,151.95052122912122,42.043865333333336,2.1705534855524697,5.968268709943048,40671.36989247312,8813.718142033602,16641.158257769956,1359.6666666666667
municipal_2021_2025,municipal,2025,2021,16,eleccion_t,2025-09-07,2025-09-07,,,True,43.71304171729445,UNION POR LA PATRIA,,,,,,,,,
