anio,agrupacion,nivel,campo_ideologico
2011,ALIANZA FRENTE AMPLIO PROGRESISTA,gobernacion,2
2011,ALIANZA FRENTE DE IZQUIERDA Y DE LOS TRABAJADORES,gobernacion,1
2011,ALIANZA FRENTE PARA LA VICTORIA,gobernacion,3
2011,ALIANZA FRENTE POPULAR,gobernacion,3
2011,ALIANZA PROYECTO SUR,gobernacion,2
2011,ALIANZA UNION PARA EL DESARROLLO SOCIAL - UDESO,gobernacion,4
2011,ALIANZA UNIÓN PARA EL DESARROLLO SOCIAL,gobernacion,4
2011,COALICION CIVICA ARI,gobernacion,4
2011,COALICIÓN CÍVICA - AFIRMACIÓN PARA UNA REPÚBLICA IGUALITARIA ARI,gobernacion,4
2011,COMPROMISO FEDERAL,gobernacion,4
2011,FRENTE AMPLIO PROGRESISTA,gobernacion,2
2011,NUEVO ENCUENTRO,gobernacion,2
2011,ALIANZA COMPROMISO FEDERAL,intendente,4
2011,ALIANZA FRENTE AMPLIO PROGRESISTA,intendente,2
2011,ALIANZA FRENTE DE IZQUIERDA Y DE LOS TRABAJADORES,intendente,1
2011,ALIANZA FRENTE PARA LA VICTORIA,intendente,3
2011,ALIANZA FRENTE POPULAR,intendente,3
2011,ALIANZA UNIÓN PARA EL DESARROLLO SOCIAL,intendente,4
2011,COALICIÓN CÍVICA - AFIRMACIÓN PARA UNA REPÚBLICA IGUALITARIA ARI,intendente,4
2011,FRENTE SOCIAL DE LA PCIA. BS.AS.,intendente,2
2011,NUEVO ENCUENTRO,intendente,2
2011,PROYECTO SUR,intendente,2
2011,ALIANZA COMPROMISO FEDERAL,presidente,4
2011,ALIANZA FRENTE AMPLIO PROGRESISTA,presidente,2
2011,ALIANZA FRENTE DE IZQUIERDA Y DE LOS TRABAJADORES,presidente,1
2011,ALIANZA FRENTE PARA LA VICTORIA,presidente,3
2011,ALIANZA FRENTE POPULAR,presidente,3
2011,ALIANZA PROYECTO SUR,presidente,2
2011,ALIANZA UNION PARA EL DESARROLLO SOCIAL - UDESO,presidente,4
2011,ALIANZA UNIÓN PARA EL DESARROLLO SOCIAL,presidente,4
2011,COALICION CIVICA ARI,presidente,4
2011,COALICIÓN CÍVICA - AFIRMACIÓN PARA UNA REPÚBLICA IGUALITARIA ARI,presidente,4
2011,DEL CAMPO POPULAR,presidente,4
2011,MOVIMIENTO DE ACCION VECINAL,presidente,4
2015,ALIANZA COMPROMISO FEDERAL,gobernacion,4
2015,ALIANZA FRENTE DE IZQUIERDA Y DE LOS TRABAJADORES,gobernacion,1
2015,ALIANZA FRENTE PARA LA VICTORIA,gobernacion,3
2015,ALIANZA FRENTE POPULAR,gobernacion,4
2015,ALIANZA PROGRESISTAS,gobernacion,2
2015,ALIANZA UNIDOS POR UNA NUEVA ALTERNATIVA (UNA),gobernacion,4
2015,CAMBIEMOS BUENOS AIRES,gobernacion,5
2015,MOVIMIENTO AL SOCIALISMO,gobernacion,1
2015,MST-MOVIMIENTO SOCIALISTA DE LOS TRABAJADORES,gobernacion,1
2015,PATRIA GRANDE,gobernacion,1
2015,ALIANZA COMPROMISO FEDERAL,intendente,4
2015,ALIANZA FRENTE DE IZQUIERDA Y DE LOS TRABAJADORES,intendente,1
2015,ALIANZA FRENTE PARA LA VICTORIA,intendente,3
2015,ALIANZA FRENTE POPULAR,intendente,4
2015,ALIANZA PROGRESISTAS,intendente,2
2015,ALIANZA UNIDOS POR UNA NUEVA ALTERNATIVA (UNA),intendente,4
2015,CAMBIEMOS BUENOS AIRES,intendente,5
2015,MOVIMIENTO AL SOCIALISMO,intendente,1
2015,MST-MOVIMIENTO SOCIALISTA DE LOS TRABAJADORES,intendente,1
2015,PARTIDO POPULAR,intendente,4
2015,PATRIA GRANDE,intendente,1
2015,TODOS POR BUENOS AIRES,intendente,3
2015,UNION DEL PUEBLO LA PLATA,intendente,1
2015,ALIANZA CAMBIEMOS,presidente,5
2015,ALIANZA COMPROMISO FEDERAL,presidente,4
2015,ALIANZA FRENTE DE IZQUIERDA Y DE LOS TRABAJADORES,presidente,1
2015,ALIANZA FRENTE PARA LA VICTORIA,presidente,3
2015,ALIANZA FRENTE POPULAR,presidente,4
2015,ALIANZA PROGRESISTAS,presidente,2
2015,ALIANZA UNIDOS POR UNA NUEVA ALTERNATIVA (UNA),presidente,4
2015,MOVIMIENTO AL SOCIALISMO,presidente,1
2015,MOVIMIENTO DE ACCION VECINAL,presidente,4
2015,MST - NUEVA IZQUIERDA,presidente,1
2015,PARTIDO POPULAR,presidente,4
2019,CONSENSO FEDERAL,gobernacion,4
2019,FRENTE DE IZQUIERDA Y DE TRABAJADORES - UNIDAD,gobernacion,1
2019,FRENTE DE TODOS,gobernacion,3
2019,FRENTE NOS,gobernacion,4
2019,FRENTE PATRIOTA,gobernacion,6
2019,JUNTOS POR EL CAMBIO,gobernacion,5
2019,MOVIMIENTO DE AVANZADA SOCIALISTA,gobernacion,1
2019,MOVIMIENTO ORGANIZACION DEMOCRATICA,gobernacion,3
2019,PARTIDO DIGNIDAD POPULAR,gobernacion,6
2019,ALTERNATIVA VECINAL PLATENSE,intendente,3
2019,CONSENSO FEDERAL,intendente,4
2019,FRENTE DE IZQUIERDA Y DE TRABAJADORES - UNIDAD,intendente,1
2019,FRENTE DE TODOS,intendente,3
2019,FRENTE NOS,intendente,4
2019,FRENTE PATRIOTA,intendente,6
2019,JUNTOS POR EL CAMBIO,intendente,5
2019,MOVIMIENTO DE AVANZADA SOCIALISTA,intendente,1
2019,MOVIMIENTO ORGANIZACION DEMOCRATICA,intendente,3
2019,PARTIDO DIGNIDAD POPULAR,intendente,6
2019,PARTIDO HUMANISTA,intendente,2
2019,CONSENSO FEDERAL,presidente,4
2019,FRENTE DE IZQUIERDA Y DE TRABAJADORES - UNIDAD,presidente,1
2019,FRENTE DE TODOS,presidente,3
2019,FRENTE NOS,presidente,4
2019,FRENTE PATRIOTA,presidente,6
2019,JUNTOS POR EL CAMBIO,presidente,5
2019,MOVIMIENTO AL SOCIALISMO,presidente,1
2019,MOVIMIENTO DE ACCION VECINAL,presidente,4
2019,PARTIDO AUTONOMISTA,presidente,2
2019,UNITE POR LA LIBERTAD Y LA DIGNIDAD,presidente,6
2023,BUENOS AIRES PRIMERO (BAP),gobernacion,6
2023,CELESTE PROVIDA,gobernacion,6
2023,CONFIANZA PUBLICA,gobernacion,4
2023,CORRIENTE DE PENSAMIENTO BONAERENSE,gobernacion,6
2023,ESPERANZA DEL PUEBLO,gobernacion,6
2023,FRENTE DE IZQUIERDA Y DE TRABAJADORES - UNIDAD,gobernacion,1
2023,FRENTE FEDERAL DE ACCION SOLIDARIA DE LA PROVINCIA DE BUENOS AIRES,gobernacion,
2023,FRENTE PATRIOTA FEDERAL,gobernacion,6
2023,JUNTOS POR EL CAMBIO,gobernacion,5
2023,JUSTICIA Y DIGNIDAD PATRIOTICA,gobernacion,6
2023,LA LIBERTAD AVANZA,gobernacion,6
2023,LIBER.AR,gobernacion,6
2023,MOVIMIENTO DE AVANZADA SOCIALISTA,gobernacion,1
2023,MOVIMIENTO DE INTEGRACION FEDERAL (MIF),gobernacion,6
2023,MOVIMIENTO LIBRES DEL SUR,gobernacion,2
2023,POLITICA ABIERTA PARA LA INTEGRIDAD SOCIAL,gobernacion,4
2023,POLITICA OBRERA,gobernacion,1
2023,PRINCIPIOS Y VALORES,gobernacion,4
2023,PROYECTO JOVEN,gobernacion,3
2023,TODOS POR BUENOS AIRES,gobernacion,3
2023,UNIDAD SOCIAL,gobernacion,
2023,UNION POR LA PATRIA,gobernacion,3
2023,VOCACION SOCIAL,gobernacion,2
2023,BUENOS AIRES PRIMERO (BAP),intendente,6
2023,CELESTE PROVIDA,intendente,6
2023,CONFIANZA PUBLICA,intendente,4
2023,CORRIENTE DE PENSAMIENTO BONAERENSE,intendente,6
2023,ESPERANZA DEL PUEBLO,intendente,6
2023,FRENTE DE IZQUIERDA Y DE TRABAJADORES - UNIDAD,intendente,1
2023,FRENTE FEDERAL DE ACCION SOLIDARIA DE LA PROVINCIA DE BUENOS AIRES,intendente,
2023,FRENTE H.A.C.E.R. POR PROGRESO SOCIAL,intendente,
2023,FRENTE PATRIOTA FEDERAL,intendente,6
2023,JUNTOS POR EL CAMBIO,intendente,5
2023,LA LIBERTAD AVANZA,intendente,6
2023,LIBER.AR,intendente,6
2023,MOVIMIENTO DE AVANZADA SOCIALISTA,intendente,1
2023,MOVIMIENTO DE INTEGRACION FEDERAL (MIF),intendente,6
2023,MOVIMIENTO LIBRES DEL SUR,intendente,2
2023,POLITICA ABIERTA PARA LA INTEGRIDAD SOCIAL,intendente,4
2023,POLITICA OBRERA,intendente,1
2023,PRINCIPIOS Y VALORES,intendente,4
2023,PROYECTO JOVEN,intendente,3
2023,TODOS POR BUENOS AIRES,intendente,3
2023,UNION POR LA PATRIA,intendente,3
2023,VOCACION SOCIAL,intendente,2
2023,FRENTE DE IZQUIERDA Y DE TRABAJADORES - UNIDAD,presidente,1
2023,FRENTE LIBER.AR,presidente,6
2023,FRENTE PATRIOTA FEDERAL,presidente,6
2023,HACEMOS POR NUESTRO PAIS,presidente,3
2023,JUNTOS POR EL CAMBIO,presidente,5
2023,LA LIBERTAD AVANZA,presidente,6
2023,MOVIMIENTO AL SOCIALISMO,presidente,1
2023,MOVIMIENTO DE ACCION VECINAL,presidente,4
2023,MOVIMIENTO IZQUIERDA JUVENTUD Y DIGNIDAD,presidente,1
2023,MOVIMIENTO LIBRES DEL SUR,presidente,2
2023,POLITICA OBRERA,presidente,1
2023,PRINCIPIOS Y VALORES,presidente,4
2023,PROYECTO JOVEN,presidente,3
2023,UNION DEL CENTRO DEMOCRATICO,presidente,4
2023,UNION POR LA PATRIA,presidente,3
