anio,nivel,circuito_id_crudo,circuito_id_canonico
2011,gobernador,0460,460
2011,gobernador,0461,461
2011,gobernador,0462,462
2011,gobernador,0463,463
2011,gobernador,0464,464
2011,gobernador,0465,465
2011,gobernador,0466,466
2011,gobernador,0467,467
2011,gobernador,0468,468
2011,gobernador,0469,469
2011,gobernador,0471,471
2011,gobernador,0472,472
2011,gobernador,0473,473
2011,gobernador,0474,474
2011,gobernador,0475,475
2011,gobernador,0476,476
2011,gobernador,0477,477
2011,gobernador,0480,480
2011,gobernador,0481,481
2011,gobernador,0482,482
2011,gobernador,0483,483
2011,gobernador,0484,484
2011,gobernador,0485,485
2011,gobernador,0486,486
2011,gobernador,0487,487
2011,gobernador,0488,488
2011,gobernador,0493,493
2011,gobernador,0495,495
2011,gobernador,0496,496
2011,gobernador,0496A,496A
2011,gobernador,0496B,496B
2011,gobernador,0496C,496C
2011,gobernador,0496D,496D
2011,gobernador,0496E,496E
2011,gobernador,0496F,496F
2011,gobernador,0497,497
2011,gobernador,0497A,497A
2011,gobernador,0497B,497B
2011,gobernador,0497C,497C
2011,gobernador,0497D,497D
2011,gobernador,0497E,497E
2011,gobernador,0497F,497F
2011,gobernador,0498,498
2011,gobernador,0501,501
2011,gobernador,0502,502
2011,gobernador,0503,503
2011,gobernador,0503A,503A
2011,gobernador,0504,504
2011,gobernador,0504A,504A
2011,gobernador,0505,505
2011,gobernador,0505A,505A
2011,gobernador,0505B,505B
2011,gobernador,0508,508
2011,gobernador,0508A,508A
2011,gobernador,0508B,508B
2011,gobernador,0508C,508C
2011,gobernador,0508D,508D
2011,gobernador,0508E,508E
2011,gobernador,0508F,508F
2011,gobernador,0508G,508G
2011,gobernador,0509,509
2011,gobernador,0509A,509A
2011,gobernador,0516,516
2011,gobernador,0517,517
2011,gobernador,0518,518
2011,gobernador,0519,519
2011,gobernador,0520,520
2011,gobernador,0521,521
2011,intendente,0460,460
2011,intendente,0461,461
2011,intendente,0462,462
2011,intendente,0463,463
2011,intendente,0464,464
2011,intendente,0465,465
2011,intendente,0466,466
2011,intendente,0467,467
2011,intendente,0468,468
2011,intendente,0469,469
2011,intendente,0471,471
2011,intendente,0472,472
2011,intendente,0473,473
2011,intendente,0474,474
2011,intendente,0475,475
2011,intendente,0476,476
2011,intendente,0477,477
2011,intendente,0480,480
2011,intendente,0481,481
2011,intendente,0482,482
2011,intendente,0483,483
2011,intendente,0484,484
2011,intendente,0485,485
2011,intendente,0486,486
2011,intendente,0487,487
2011,intendente,0488,488
2011,intendente,0493,493
2011,intendente,0495,495
2011,intendente,0496,496
2011,intendente,0496A,496A
2011,intendente,0496B,496B
2011,intendente,0496C,496C
2011,intendente,0496D,496D
2011,intendente,0496E,496E
2011,intendente,0496F,496F
2011,intendente,0497,497
2011,intendente,0497A,497A
2011,intendente,0497B,497B
2011,intendente,0497C,497C
2011,intendente,0497D,497D
2011,intendente,0497E,497E
2011,intendente,0497F,497F
2011,intendente,0498,498
2011,intendente,0501,501
2011,intendente,0502,502
2011,intendente,0503,503
2011,intendente,0503A,503A
2011,intendente,0504,504
2011,intendente,0504A,504A
2011,intendente,0505,505
2011,intendente,0505A,505A
2011,intendente,0505B,505B
2011,intendente,0508,508
2011,intendente,0508A,508A
2011,intendente,0508B,508B
2011,intendente,0508C,508C
2011,intendente,0508D,508D
2011,intendente,0508E,508E
2011,intendente,0508F,508F
2011,intendente,0508G,508G
2011,intendente,0509,509
2011,intendente,0509A,509A
2011,intendente,0516,516
2011,intendente,0517,517
2011,intendente,0518,518
2011,intendente,0519,519
2011,intendente,0520,520
2011,intendente,0521,521
2011,presidente,0460,460
2011,presidente,0461,461
2011,presidente,0462,462
2011,presidente,0463,463
2011,presidente,0464,464
2011,presidente,0465,465
2011,presidente,0466,466
2011,presidente,0467,467
2011,presidente,0468,468
2011,presidente,0469,469
2011,presidente,0471,471
2011,presidente,0472,472
2011,presidente,0473,473
2011,presidente,0474,474
2011,presidente,0475,475
2011,presidente,0476,476
2011,presidente,0477,477
2011,presidente,0480,480
2011,presidente,0481,481
2011,presidente,0482,482
2011,presidente,0483,483
2011,presidente,0484,484
2011,presidente,0485,485
2011,presidente,0486,486
2011,presidente,0487,487
2011,presidente,0488,488
2011,presidente,0493,493
2011,presidente,0495,495
2011,presidente,0496,496
2011,presidente,0496A,496A
2011,presidente,0496B,496B
2011,presidente,0496C,496C
2011,presidente,0496D,496D
2011,presidente,0496E,496E
2011,presidente,0496F,496F
2011,presidente,0497,497
2011,presidente,0497A,497A
2011,presidente,0497B,497B
2011,presidente,0497C,497C
2011,presidente,0497D,497D
2011,presidente,0497E,497E
2011,presidente,0497F,497F
2011,presidente,0498,498
2011,presidente,0501,501
2011,presidente,0502,502
2011,presidente,0503,503
2011,presidente,0503A,503A
2011,presidente,0504,504
2011,presidente,0504A,504A
2011,presidente,0505,505
2011,presidente,0505A,505A
2011,presidente,0505B,505B
2011,presidente,0508,508
2011,presidente,0508A,508A
2011,presidente,0508B,508B
2011,presidente,0508C,508C
2011,presidente,0508D,508D
2011,presidente,0508E,508E
2011,presidente,0508F,508F
2011,presidente,0508G,508G
2011,presidente,0509,509
2011,presidente,0509A,509A
2011,presidente,0516,516
2011,presidente,0517,517
2011,presidente,0518,518
2011,presidente,0519,519
2011,presidente,0520,520
2011,presidente,0521,521
2013,municipal,0460,460
2013,municipal,0461,461
2013,municipal,0462,462
2013,municipal,0463,463
2013,municipal,0464,464
2013,municipal,0465,465
2013,municipal,0466,466
2013,municipal,0467,467
2013,municipal,0468,468
2013,municipal,0469,469
2013,municipal,0471,471
2013,municipal,0472,472
2013,municipal,0473,473
2013,municipal,0474,474
2013,municipal,0475,475
2013,municipal,0476,476
2013,municipal,0477,477
2013,municipal,0480,480
2013,municipal,0481,481
2013,municipal,0482,482
2013,municipal,0483,483
2013,municipal,0484,484
2013,municipal,0485,485
2013,municipal,0486,486
2013,municipal,0487,487
2013,municipal,0488,488
2013,municipal,0493,493
2013,municipal,0495,495
2013,municipal,0496,496
2013,municipal,0496A,496A
2013,municipal,0496B,496B
2013,municipal,0496C,496C
2013,municipal,0496D,496D
2013,municipal,0496E,496E
2013,municipal,0496F,496F
2013,municipal,0497,497
2013,municipal,0497A,497A
2013,municipal,0497B,497B
2013,municipal,0497C,497C
2013,municipal,0497D,497D
2013,municipal,0497E,497E
2013,municipal,0497F,497F
2013,municipal,0498,498
2013,municipal,0501,501
2013,municipal,0502,502
2013,municipal,0503,503
2013,municipal,0503A,503A
2013,municipal,0504,504
2013,municipal,0504A,504A
2013,municipal,0505,505
2013,municipal,0505A,505A
2013,municipal,0505B,505B
2013,municipal,0508,508
2013,municipal,0508A,508A
2013,municipal,0508B,508B
2013,municipal,0508C,508C
2013,municipal,0508D,508D
2013,municipal,0508E,508E
2013,municipal,0508F,508F
2013,municipal,0508G,508G
2013,municipal,0509,509
2013,municipal,0509A,509A
2013,municipal,0516,516
2013,municipal,0517,517
2013,municipal,0518,518
2013,municipal,0519,519
2013,municipal,0520,520
2013,municipal,0521,521
2013,nacional,0460,460
2013,nacional,0461,461
2013,nacional,0462,462
2013,nacional,0463,463
2013,nacional,0464,464
2013,nacional,0465,465
2013,nacional,0466,466
2013,nacional,0467,467
2013,nacional,0468,468
2013,nacional,0469,469
2013,nacional,0471,471
2013,nacional,0472,472
2013,nacional,0473,473
2013,nacional,0474,474
2013,nacional,0475,475
2013,nacional,0476,476
2013,nacional,0477,477
2013,nacional,0480,480
2013,nacional,0481,481
2013,nacional,0482,482
2013,nacional,0483,483
2013,nacional,0484,484
2013,nacional,0485,485
2013,nacional,0486,486
2013,nacional,0487,487
2013,nacional,0488,488
2013,nacional,0493,493
2013,nacional,0495,495
2013,nacional,0496,496
2013,nacional,0496A,496A
2013,nacional,0496B,496B
2013,nacional,0496C,496C
2013,nacional,0496D,496D
2013,nacional,0496E,496E
2013,nacional,0496F,496F
2013,nacional,0497,497
2013,nacional,0497A,497A
2013,nacional,0497B,497B
2013,nacional,0497C,497C
2013,nacional,0497D,497D
2013,nacional,0497E,497E
2013,nacional,0497F,497F
2013,nacional,0498,498
2013,nacional,0501,501
2013,nacional,0502,502
2013,nacional,0503,503
2013,nacional,0503A,503A
2013,nacional,0504,504
2013,nacional,0504A,504A
2013,nacional,0505,505
2013,nacional,0505A,505A
2013,nacional,0505B,505B
2013,nacional,0508,508
2013,nacional,0508A,508A
2013,nacional,0508B,508B
2013,nacional,0508C,508C
2013,nacional,0508D,508D
2013,nacional,0508E,508E
2013,nacional,0508F,508F
2013,nacional,0508G,508G
2013,nacional,0509,509
2013,nacional,0509A,509A
2013,nacional,0516,516
2013,nacional,0517,517
2013,nacional,0518,518
2013,nacional,0519,519
2013,nacional,0520,520
2013,nacional,0521,521
2013,provincial,0460,460
2013,provincial,0461,461
2013,provincial,0462,462
2013,provincial,0463,463
2013,provincial,0464,464
2013,provincial,0465,465
2013,provincial,0466,466
2013,provincial,0467,467
2013,provincial,0468,468
2013,provincial,0469,469
2013,provincial,0471,471
2013,provincial,0472,472
2013,provincial,0473,473
2013,provincial,0474,474
2013,provincial,0475,475
2013,provincial,0476,476
2013,provincial,0477,477
2013,provincial,0480,480
2013,provincial,0481,481
2013,provincial,0482,482
2013,provincial,0483,483
2013,provincial,0484,484
2013,provincial,0485,485
2013,provincial,0486,486
2013,provincial,0487,487
2013,provincial,0488,488
2013,provincial,0493,493
2013,provincial,0495,495
2013,provincial,0496,496
2013,provincial,0496A,496A
2013,provincial,0496B,496B
2013,provincial,0496C,496C
2013,provincial,0496D,496D
2013,provincial,0496E,496E
2013,provincial,0496F,496F
2013,provincial,0497,497
2013,provincial,0497A,497A
2013,provincial,0497B,497B
2013,provincial,0497C,497C
2013,provincial,0497D,497D
2013,provincial,0497E,497E
2013,provincial,0497F,497F
2013,provincial,0498,498
2013,provincial,0501,501
2013,provincial,0502,502
2013,provincial,0503,503
2013,provincial,0503A,503A
2013,provincial,0504,504
2013,provincial,0504A,504A
2013,provincial,0505,505
2013,provincial,0505A,505A
2013,provincial,0505B,505B
2013,provincial,0508,508
2013,provincial,0508A,508A
2013,provincial,0508B,508B
2013,provincial,0508C,508C
2013,provincial,0508D,508D
2013,provincial,0508E,508E
2013,provincial,0508F,508F
2013,provincial,0508G,508G
2013,provincial,0509,509
2013,provincial,0509A,509A
2013,provincial,0516,516
2013,provincial,0517,517
2013,provincial,0518,518
2013,provincial,0519,519
2013,provincial,0520,520
2013,provincial,0521,521
2015,gobernador,0460,460
2015,gobernador,0461,461
2015,gobernador,0462,462
2015,gobernador,0463,463
2015,gobernador,0464,464
2015,gobernador,0465,465
2015,gobernador,0466,466
2015,gobernador,0467,467
2015,gobernador,0468,468
2015,gobernador,0469,469
2015,gobernador,0471,471
2015,gobernador,0472,472
2015,gobernador,0473,473
2015,gobernador,0474,474
2015,gobernador,0475,475
2015,gobernador,0476,476
2015,gobernador,0477,477
2015,gobernador,0480,480
2015,gobernador,0481,481
2015,gobernador,0482,482
2015,gobernador,0483,483
2015,gobernador,0484,484
2015,gobernador,0485,485
2015,gobernador,0486,486
2015,gobernador,0487,487
2015,gobernador,0488,488
2015,gobernador,0495,495
2015,gobernador,0496,496
2015,gobernador,0496A,496A
2015,gobernador,0496B,496B
2015,gobernador,0496C,496C
2015,gobernador,0496D,496D
2015,gobernador,0496E,496E
2015,gobernador,0496F,496F
2015,gobernador,0497,497
2015,gobernador,0497A,497A
2015,gobernador,0497B,497B
2015,gobernador,0497C,497C
2015,gobernador,0497D,497D
2015,gobernador,0497E,497E
2015,gobernador,0497F,497F
2015,gobernador,0498,498
2015,gobernador,0501,501
2015,gobernador,0502,502
2015,gobernador,0503,503
2015,gobernador,0503A,503A
2015,gobernador,0504,504
2015,gobernador,0504A,504A
2015,gobernador,0505,505
2015,gobernador,0505A,505A
2015,gobernador,0505B,505B
2015,gobernador,0508,508
2015,gobernador,0508A,508A
2015,gobernador,0508B,508B
2015,gobernador,0508C,508C
2015,gobernador,0508D,508D
2015,gobernador,0508E,508E
2015,gobernador,0508F,508F
2015,gobernador,0508G,508G
2015,gobernador,0509,509
2015,gobernador,0509A,509A
2015,gobernador,0516,516
2015,gobernador,0517,517
2015,gobernador,0518,518
2015,gobernador,0519,519
2015,gobernador,0520,520
2015,gobernador,0521,521
2015,intendente,0460,460
2015,intendente,0461,461
2015,intendente,0462,462
2015,intendente,0463,463
2015,intendente,0464,464
2015,intendente,0465,465
2015,intendente,0466,466
2015,intendente,0467,467
2015,intendente,0468,468
2015,intendente,0469,469
2015,intendente,0471,471
2015,intendente,0472,472
2015,intendente,0473,473
2015,intendente,0474,474
2015,intendente,0475,475
2015,intendente,0476,476
2015,intendente,0477,477
2015,intendente,0480,480
2015,intendente,0481,481
2015,intendente,0482,482
2015,intendente,0483,483
2015,intendente,0484,484
2015,intendente,0485,485
2015,intendente,0486,486
2015,intendente,0487,487
2015,intendente,0488,488
2015,intendente,0495,495
2015,intendente,0496,496
2015,intendente,0496A,496A
2015,intendente,0496B,496B
2015,intendente,0496C,496C
2015,intendente,0496D,496D
2015,intendente,0496E,496E
2015,intendente,0496F,496F
2015,intendente,0497,497
2015,intendente,0497A,497A
2015,intendente,0497B,497B
2015,intendente,0497C,497C
2015,intendente,0497D,497D
2015,intendente,0497E,497E
2015,intendente,0497F,497F
2015,intendente,0498,498
2015,intendente,0501,501
2015,intendente,0502,502
2015,intendente,0503,503
2015,intendente,0503A,503A
2015,intendente,0504,504
2015,intendente,0504A,504A
2015,intendente,0505,505
2015,intendente,0505A,505A
2015,intendente,0505B,505B
2015,intendente,0508,508
2015,intendente,0508A,508A
2015,intendente,0508B,508B
2015,intendente,0508C,508C
2015,intendente,0508D,508D
2015,intendente,0508E,508E
2015,intendente,0508F,508F
2015,intendente,0508G,508G
2015,intendente,0509,509
2015,intendente,0509A,509A
2015,intendente,0516,516
2015,intendente,0517,517
2015,intendente,0518,518
2015,intendente,0519,519
2015,intendente,0520,520
2015,intendente,0521,521
2015,presidente,0460,460
2015,presidente,0461,461
2015,presidente,0462,462
2015,presidente,0463,463
2015,presidente,0464,464
2015,presidente,0465,465
2015,presidente,0466,466
2015,presidente,0467,467
2015,presidente,0468,468
2015,presidente,0469,469
2015,presidente,0471,471
2015,presidente,0472,472
2015,presidente,0473,473
2015,presidente,0474,474
2015,presidente,0475,475
2015,presidente,0476,476
2015,presidente,0477,477
2015,presidente,0480,480
2015,presidente,0481,481
2015,presidente,0482,482
2015,presidente,0483,483
2015,presidente,0484,484
2015,presidente,0485,485
2015,presidente,0486,486
2015,presidente,0487,487
2015,presidente,0488,488
2015,presidente,0495,495
2015,presidente,0496,496
2015,presidente,0496A,496A
2015,presidente,0496B,496B
2015,presidente,0496C,496C
2015,presidente,0496D,496D
2015,presidente,0496E,496E
2015,presidente,0496F,496F
2015,presidente,0497,497
2015,presidente,0497A,497A
2015,presidente,0497B,497B
2015,presidente,0497C,497C
2015,presidente,0497D,497D
2015,presidente,0497E,497E
2015,presidente,0497F,497F
2015,presidente,0498,498
2015,presidente,0501,501
2015,presidente,0502,502
2015,presidente,0503,503
2015,presidente,0503A,503A
2015,presidente,0504,504
2015,presidente,0504A,504A
2015,presidente,0505,505
2015,presidente,0505A,505A
2015,presidente,0505B,505B
2015,presidente,0508,508
2015,presidente,0508A,508A
2015,presidente,0508B,508B
2015,presidente,0508C,508C
2015,presidente,0508D,508D
2015,presidente,0508E,508E
2015,presidente,0508F,508F
2015,presidente,0508G,508G
2015,presidente,0509,509
2015,presidente,0509A,509A
2015,presidente,0516,516
2015,presidente,0517,517
2015,presidente,0518,518
2015,presidente,0519,519
2015,presidente,0520,520
2015,presidente,0521,521
2017,municipal,0460,460
2017,municipal,0461,461
2017,municipal,0462,462
2017,municipal,0463,463
2017,municipal,0464,464
2017,municipal,0465,465
2017,municipal,0466,466
2017,municipal,0467,467
2017,municipal,0468,468
2017,municipal,0469,469
2017,municipal,0471,471
2017,municipal,0472,472
2017,municipal,0473,473
2017,municipal,0474,474
2017,municipal,0475,475
2017,municipal,0476,476
2017,municipal,0477,477
2017,municipal,0480,480
2017,municipal,0481,481
2017,municipal,0482,482
2017,municipal,0483,483
2017,municipal,0484,484
2017,municipal,0485,485
2017,municipal,0486,486
2017,municipal,0487,487
2017,municipal,0488,488
2017,municipal,0493,493
2017,municipal,0495,495
2017,municipal,0496,496
2017,municipal,0496A,496A
2017,municipal,0496B,496B
2017,municipal,0496C,496C
2017,municipal,0496D,496D
2017,municipal,0496E,496E
2017,municipal,0496F,496F
2017,municipal,0497,497
2017,municipal,0497A,497A
2017,municipal,0497B,497B
2017,municipal,0497C,497C
2017,municipal,0497D,497D
2017,municipal,0497E,497E
2017,municipal,0497F,497F
2017,municipal,0498,498
2017,municipal,0501,501
2017,municipal,0502,502
2017,municipal,0503,503
2017,municipal,0503A,503A
2017,municipal,0504,504
2017,municipal,0504A,504A
2017,municipal,0504C,504C
2017,municipal,0505,505
2017,municipal,0505A,505A
2017,municipal,0505B,505B
2017,municipal,0508,508
2017,municipal,0508A,508A
2017,municipal,0508B,508B
2017,municipal,0508C,508C
2017,municipal,0508D,508D
2017,municipal,0508E,508E
2017,municipal,0508F,508F
2017,municipal,0508G,508G
2017,municipal,0509,509
2017,municipal,0509A,509A
2017,municipal,0516,516
2017,municipal,0517,517
2017,municipal,0518,518
2017,municipal,0519,519
2017,municipal,0520,520
2017,municipal,0521,521
2017,nacional,0460,460
2017,nacional,0461,461
2017,nacional,0462,462
2017,nacional,0463,463
2017,nacional,0464,464
2017,nacional,0465,465
2017,nacional,0466,466
2017,nacional,0467,467
2017,nacional,0468,468
2017,nacional,0469,469
2017,nacional,0471,471
2017,nacional,0472,472
2017,nacional,0473,473
2017,nacional,0474,474
2017,nacional,0475,475
2017,nacional,0476,476
2017,nacional,0477,477
2017,nacional,0480,480
2017,nacional,0481,481
2017,nacional,0482,482
2017,nacional,0483,483
2017,nacional,0484,484
2017,nacional,0485,485
2017,nacional,0486,486
2017,nacional,0487,487
2017,nacional,0488,488
2017,nacional,0493,493
2017,nacional,0495,495
2017,nacional,0496,496
2017,nacional,0496A,496A
2017,nacional,0496B,496B
2017,nacional,0496C,496C
2017,nacional,0496D,496D
2017,nacional,0496E,496E
2017,nacional,0496F,496F
2017,nacional,0497,497
2017,nacional,0497A,497A
2017,nacional,0497B,497B
2017,nacional,0497C,497C
2017,nacional,0497D,497D
2017,nacional,0497E,497E
2017,nacional,0497F,497F
2017,nacional,0498,498
2017,nacional,0501,501
2017,nacional,0502,502
2017,nacional,0503,503
2017,nacional,0503A,503A
2017,nacional,0504,504
2017,nacional,0504A,504A
2017,nacional,0504C,504C
2017,nacional,0505,505
2017,nacional,0505A,505A
2017,nacional,0505B,505B
2017,nacional,0508,508
2017,nacional,0508A,508A
2017,nacional,0508B,508B
2017,nacional,0508C,508C
2017,nacional,0508D,508D
2017,nacional,0508E,508E
2017,nacional,0508F,508F
2017,nacional,0508G,508G
2017,nacional,0509,509
2017,nacional,0509A,509A
2017,nacional,0516,516
2017,nacional,0517,517
2017,nacional,0518,518
2017,nacional,0519,519
2017,nacional,0520,520
2017,nacional,0521,521
2017,provincial,0460,460
2017,provincial,0461,461
2017,provincial,0462,462
2017,provincial,0463,463
2017,provincial,0464,464
2017,provincial,0465,465
2017,provincial,0466,466
2017,provincial,0467,467
2017,provincial,0468,468
2017,provincial,0469,469
2017,provincial,0471,471
2017,provincial,0472,472
2017,provincial,0473,473
2017,provincial,0474,474
2017,provincial,0475,475
2017,provincial,0476,476
2017,provincial,0477,477
2017,provincial,0480,480
2017,provincial,0481,481
2017,provincial,0482,482
2017,provincial,0483,483
2017,provincial,0484,484
2017,provincial,0485,485
2017,provincial,0486,486
2017,provincial,0487,487
2017,provincial,0488,488
2017,provincial,0493,493
2017,provincial,0495,495
2017,provincial,0496,496
2017,provincial,0496A,496A
2017,provincial,0496B,496B
2017,provincial,0496C,496C
2017,provincial,0496D,496D
2017,provincial,0496E,496E
2017,provincial,0496F,496F
2017,provincial,0497,497
2017,provincial,0497A,497A
2017,provincial,0497B,497B
2017,provincial,0497C,497C
2017,provincial,0497D,497D
2017,provincial,0497E,497E
2017,provincial,0497F,497F
2017,provincial,0498,498
2017,provincial,0501,501
2017,provincial,0502,502
2017,provincial,0503,503
2017,provincial,0503A,503A
2017,provincial,0504,504
2017,provincial,0504A,504A
2017,provincial,0504C,504C
2017,provincial,0505,505
2017,provincial,0505A,505A
2017,provincial,0505B,505B
2017,provincial,0508,508
2017,provincial,0508A,508A
2017,provincial,0508B,508B
2017,provincial,0508C,508C
2017,provincial,0508D,508D
2017,provincial,0508E,508E
2017,provincial,0508F,508F
2017,provincial,0508G,508G
2017,provincial,0509,509
2017,provincial,0509A,509A
2017,provincial,0516,516
2017,provincial,0517,517
2017,provincial,0518,518
2017,provincial,0519,519
2017,provincial,0520,520
2017,provincial,0521,521
2019,gobernador,000460,460
2019,gobernador,000461,461
2019,gobernador,000462,462
2019,gobernador,000463,463
2019,gobernador,000464,464
2019,gobernador,000465,465
2019,gobernador,000466,466
2019,gobernador,000467,467
2019,gobernador,000468,468
2019,gobernador,000469,469
2019,gobernador,000471,471
2019,gobernador,000472,472
2019,gobernador,000473,473
2019,gobernador,000474,474
2019,gobernador,000475,475
2019,gobernador,000476,476
2019,gobernador,000477,477
2019,gobernador,000480,480
2019,gobernador,000481,481
2019,gobernador,000482,482
2019,gobernador,000483,483
2019,gobernador,000484,484
2019,gobernador,000485,485
2019,gobernador,000486,486
2019,gobernador,000487,487
2019,gobernador,000488,488
2019,gobernador,000493,493
2019,gobernador,000495,495
2019,gobernador,000496,496
2019,gobernador,00496A,496A
2019,gobernador,00496B,496B
2019,gobernador,00496C,496C
2019,gobernador,00496D,496D
2019,gobernador,00496E,496E
2019,gobernador,000497,497
2019,gobernador,00497A,497A
2019,gobernador,00497B,497B
2019,gobernador,00497C,497C
2019,gobernador,00497D,497D
2019,gobernador,00497E,497E
2019,gobernador,00497F,497F
2019,gobernador,000498,498
2019,gobernador,000501,501
2019,gobernador,000502,502
2019,gobernador,000503,503
2019,gobernador,00503A,503A
2019,gobernador,000504,504
2019,gobernador,00504A,504A
2019,gobernador,000505,505
2019,gobernador,00505A,505A
2019,gobernador,00505B,505B
2019,gobernador,000508,508
2019,gobernador,00508A,508A
2019,gobernador,00508B,508B
2019,gobernador,00508C,508C
2019,gobernador,00508D,508D
2019,gobernador,00508E,508E
2019,gobernador,00508F,508F
2019,gobernador,00508G,508G
2019,gobernador,000509,509
2019,gobernador,00509A,509A
2019,gobernador,000516,516
2019,gobernador,000517,517
2019,gobernador,000518,518
2019,gobernador,000519,519
2019,gobernador,000520,520
2019,gobernador,000521,521
2019,intendente,000460,460
2019,intendente,000461,461
2019,intendente,000462,462
2019,intendente,000463,463
2019,intendente,000464,464
2019,intendente,000465,465
2019,intendente,000466,466
2019,intendente,000467,467
2019,intendente,000468,468
2019,intendente,000469,469
2019,intendente,000471,471
2019,intendente,000472,472
2019,intendente,000473,473
2019,intendente,000474,474
2019,intendente,000475,475
2019,intendente,000476,476
2019,intendente,000477,477
2019,intendente,000480,480
2019,intendente,000481,481
2019,intendente,000482,482
2019,intendente,000483,483
2019,intendente,000484,484
2019,intendente,000485,485
2019,intendente,000486,486
2019,intendente,000487,487
2019,intendente,000488,488
2019,intendente,000493,493
2019,intendente,000495,495
2019,intendente,000496,496
2019,intendente,00496A,496A
2019,intendente,00496B,496B
2019,intendente,00496C,496C
2019,intendente,00496D,496D
2019,intendente,00496E,496E
2019,intendente,000497,497
2019,intendente,00497A,497A
2019,intendente,00497B,497B
2019,intendente,00497C,497C
2019,intendente,00497D,497D
2019,intendente,00497E,497E
2019,intendente,00497F,497F
2019,intendente,000498,498
2019,intendente,000501,501
2019,intendente,000502,502
2019,intendente,000503,503
2019,intendente,00503A,503A
2019,intendente,000504,504
2019,intendente,00504A,504A
2019,intendente,000505,505
2019,intendente,00505A,505A
2019,intendente,00505B,505B
2019,intendente,000508,508
2019,intendente,00508A,508A
2019,intendente,00508B,508B
2019,intendente,00508C,508C
2019,intendente,00508D,508D
2019,intendente,00508E,508E
2019,intendente,00508F,508F
2019,intendente,00508G,508G
2019,intendente,000509,509
2019,intendente,00509A,509A
2019,intendente,000516,516
2019,intendente,000517,517
2019,intendente,000518,518
2019,intendente,000519,519
2019,intendente,000520,520
2019,intendente,000521,521
2019,presidente,000460,460
2019,presidente,000461,461
2019,presidente,000462,462
2019,presidente,000463,463
2019,presidente,000464,464
2019,presidente,000465,465
2019,presidente,000466,466
2019,presidente,000467,467
2019,presidente,000468,468
2019,presidente,000469,469
2019,presidente,000471,471
2019,presidente,000472,472
2019,presidente,000473,473
2019,presidente,000474,474
2019,presidente,000475,475
2019,presidente,000476,476
2019,presidente,000477,477
2019,presidente,000480,480
2019,presidente,000481,481
2019,presidente,000482,482
2019,presidente,000483,483
2019,presidente,000484,484
2019,presidente,000485,485
2019,presidente,000486,486
2019,presidente,000487,487
2019,presidente,000488,488
2019,presidente,000493,493
2019,presidente,000495,495
2019,presidente,000496,496
2019,presidente,00496A,496A
2019,presidente,00496B,496B
2019,presidente,00496C,496C
2019,presidente,00496D,496D
2019,presidente,00496E,496E
2019,presidente,000497,497
2019,presidente,00497A,497A
2019,presidente,00497B,497B
2019,presidente,00497C,497C
2019,presidente,00497D,497D
2019,presidente,00497E,497E
2019,presidente,00497F,497F
2019,presidente,000498,498
2019,presidente,000501,501
2019,presidente,000502,502
2019,presidente,000503,503
2019,presidente,00503A,503A
2019,presidente,000504,504
2019,presidente,00504A,504A
2019,presidente,000505,505
2019,presidente,00505A,505A
2019,presidente,00505B,505B
2019,presidente,000508,508
2019,presidente,00508A,508A
2019,presidente,00508B,508B
2019,presidente,00508C,508C
2019,presidente,00508D,508D
2019,presidente,00508E,508E
2019,presidente,00508F,508F
2019,presidente,00508G,508G
2019,presidente,000509,509
2019,presidente,00509A,509A
2019,presidente,000516,516
2019,presidente,000517,517
2019,presidente,000518,518
2019,presidente,000519,519
2019,presidente,000520,520
2019,presidente,000521,521
2021,municipal,00460,460
2021,municipal,00461,461
2021,municipal,00462,462
2021,municipal,00463,463
2021,municipal,00464,464
2021,municipal,00465,465
2021,municipal,00466,466
2021,municipal,00467,467
2021,municipal,00468,468
2021,municipal,00469,469
2021,municipal,00471,471
2021,municipal,00472,472
2021,municipal,00473,473
2021,municipal,00474,474
2021,municipal,00475,475
2021,municipal,00476,476
2021,municipal,00477,477
2021,municipal,00480,480
2021,municipal,00481,481
2021,municipal,00482,482
2021,municipal,00483,483
2021,municipal,00484,484
2021,municipal,00485,485
2021,municipal,00486,486
2021,municipal,00487,487
2021,municipal,00488,488
2021,municipal,00493,493
2021,municipal,00495,495
2021,municipal,00496,496
2021,municipal,0496A,496A
2021,municipal,0496B,496B
2021,municipal,0496C,496C
2021,municipal,0496D,496D
2021,municipal,0496E,496E
2021,municipal,0496F,496F
2021,municipal,00497,497
2021,municipal,0497A,497A
2021,municipal,0497B,497B
2021,municipal,0497C,497C
2021,municipal,0497D,497D
2021,municipal,0497E,497E
2021,municipal,0497F,497F
2021,municipal,00498,498
2021,municipal,00501,501
2021,municipal,00502,502
2021,municipal,00503,503
2021,municipal,0503A,503A
2021,municipal,00504,504
2021,municipal,0504A,504A
2021,municipal,0504C,504C
2021,municipal,00505,505
2021,municipal,0505A,505A
2021,municipal,0505B,505B
2021,municipal,00508,508
2021,municipal,0508A,508A
2021,municipal,0508B,508B
2021,municipal,0508C,508C
2021,municipal,0508D,508D
2021,municipal,0508E,508E
2021,municipal,0508F,508F
2021,municipal,0508G,508G
2021,municipal,00509,509
2021,municipal,0509A,509A
2021,municipal,00516,516
2021,municipal,00517,517
2021,municipal,00518,518
2021,municipal,00519,519
2021,municipal,00520,520
2021,municipal,00521,521
2021,nacional,00460,460
2021,nacional,00461,461
2021,nacional,00462,462
2021,nacional,00463,463
2021,nacional,00464,464
2021,nacional,00465,465
2021,nacional,00466,466
2021,nacional,00467,467
2021,nacional,00468,468
2021,nacional,00469,469
2021,nacional,00471,471
2021,nacional,00472,472
2021,nacional,00473,473
2021,nacional,00474,474
2021,nacional,00475,475
2021,nacional,00476,476
2021,nacional,00477,477
2021,nacional,00480,480
2021,nacional,00481,481
2021,nacional,00482,482
2021,nacional,00483,483
2021,nacional,00484,484
2021,nacional,00485,485
2021,nacional,00486,486
2021,nacional,00487,487
2021,nacional,00488,488
2021,nacional,00493,493
2021,nacional,00495,495
2021,nacional,00496,496
2021,nacional,0496A,496A
2021,nacional,0496B,496B
2021,nacional,0496C,496C
2021,nacional,0496D,496D
2021,nacional,0496E,496E
2021,nacional,0496F,496F
2021,nacional,00497,497
2021,nacional,0497A,497A
2021,nacional,0497B,497B
2021,nacional,0497C,497C
2021,nacional,0497D,497D
2021,nacional,0497E,497E
2021,nacional,0497F,497F
2021,nacional,00498,498
2021,nacional,00501,501
2021,nacional,00502,502
2021,nacional,00503,503
2021,nacional,0503A,503A
2021,nacional,00504,504
2021,nacional,0504A,504A
2021,nacional,00505,505
2021,nacional,0505A,505A
2021,nacional,0505B,505B
2021,nacional,00508,508
2021,nacional,0508A,508A
2021,nacional,0508B,508B
2021,nacional,0508C,508C
2021,nacional,0508D,508D
2021,nacional,0508E,508E
2021,nacional,0508F,508F
2021,nacional,0508G,508G
2021,nacional,00509,509
2021,nacional,0509A,509A
2021,nacional,00516,516
2021,nacional,00517,517
2021,nacional,00518,518
2021,nacional,00519,519
2021,nacional,00520,520
2021,nacional,00521,521
2021,provincial,00460,460
2021,provincial,00461,461
2021,provincial,00462,462
2021,provincial,00463,463
2021,provincial,00464,464
2021,provincial,00465,465
2021,provincial,00466,466
2021,provincial,00467,467
2021,provincial,00468,468
2021,provincial,00469,469
2021,provincial,00471,471
2021,provincial,00472,472
2021,provincial,00473,473
2021,provincial,00474,474
2021,provincial,00475,475
2021,provincial,00476,476
2021,provincial,00477,477
2021,provincial,00480,480
2021,provincial,00481,481
2021,provincial,00482,482
2021,provincial,00483,483
2021,provincial,00484,484
2021,provincial,00485,485
2021,provincial,00486,486
2021,provincial,00487,487
2021,provincial,00488,488
2021,provincial,00493,493
2021,provincial,00495,495
2021,provincial,00496,496
2021,provincial,0496A,496A
2021,provincial,0496B,496B
2021,provincial,0496C,496C
2021,provincial,0496D,496D
2021,provincial,0496E,496E
2021,provincial,0496F,496F
2021,provincial,00497,497
2021,provincial,0497A,497A
2021,provincial,0497B,497B
2021,provincial,0497C,497C
2021,provincial,0497D,497D
2021,provincial,0497E,497E
2021,provincial,0497F,497F
2021,provincial,00498,498
2021,provincial,00501,501
2021,provincial,00502,502
2021,provincial,00503,503
2021,provincial,0503A,503A
2021,provincial,00504,504
2021,provincial,0504A,504A
2021,provincial,0504C,504C
2021,provincial,00505,505
2021,provincial,0505A,505A
2021,provincial,0505B,505B
2021,provincial,00508,508
2021,provincial,0508A,508A
2021,provincial,0508B,508B
2021,provincial,0508C,508C
2021,provincial,0508D,508D
2021,provincial,0508E,508E
2021,provincial,0508F,508F
2021,provincial,0508G,508G
2021,provincial,00509,509
2021,provincial,0509A,509A
2021,provincial,00516,516
2021,provincial,00517,517
2021,provincial,00518,518
2021,provincial,00519,519
2021,provincial,00520,520
2021,provincial,00521,521
2023,gobernador,00460,460
2023,gobernador,00461,461
2023,gobernador,00462,462
2023,gobernador,00463,463
2023,gobernador,00464,464
2023,gobernador,00465,465
2023,gobernador,00466,466
2023,gobernador,00467,467
2023,gobernador,00468,468
2023,gobernador,00469,469
2023,gobernador,00471,471
2023,gobernador,00472,472
2023,gobernador,00473,473
2023,gobernador,00474,474
2023,gobernador,00475,475
2023,gobernador,00476,476
2023,gobernador,00477,477
2023,gobernador,00480,480
2023,gobernador,00481,481
2023,gobernador,00482,482
2023,gobernador,00483,483
2023,gobernador,00484,484
2023,gobernador,00485,485
2023,gobernador,00486,486
2023,gobernador,00487,487
2023,gobernador,00488,488
2023,gobernador,00493,493
2023,gobernador,00495,495
2023,gobernador,00496,496
2023,gobernador,0496A,496A
2023,gobernador,0496B,496B
2023,gobernador,0496C,496C
2023,gobernador,0496D,496D
2023,gobernador,0496E,496E
2023,gobernador,0496F,496F
2023,gobernador,00497,497
2023,gobernador,0497A,497A
2023,gobernador,0497B,497B
2023,gobernador,0497C,497C
2023,gobernador,0497D,497D
2023,gobernador,0497E,497E
2023,gobernador,0497F,497F
2023,gobernador,00498,498
2023,gobernador,00501,501
2023,gobernador,00502,502
2023,gobernador,00503,503
2023,gobernador,0503A,503A
2023,gobernador,00504,504
2023,gobernador,0504A,504A
2023,gobernador,00505,505
2023,gobernador,0505A,505A
2023,gobernador,0505B,505B
2023,gobernador,00508,508
2023,gobernador,0508A,508A
2023,gobernador,0508B,508B
2023,gobernador,0508C,508C
2023,gobernador,0508D,508D
2023,gobernador,0508E,508E
2023,gobernador,0508F,508F
2023,gobernador,0508G,508G
2023,gobernador,00509,509
2023,gobernador,0509A,509A
2023,gobernador,00516,516
2023,gobernador,00517,517
2023,gobernador,00518,518
2023,gobernador,00519,519
2023,gobernador,00520,520
2023,gobernador,00521,521
2023,intendente,00460,460
2023,intendente,00461,461
2023,intendente,00462,462
2023,intendente,00463,463
2023,intendente,00464,464
2023,intendente,00465,465
2023,intendente,00466,466
2023,intendente,00467,467
2023,intendente,00468,468
2023,intendente,00469,469
2023,intendente,00471,471
2023,intendente,00472,472
2023,intendente,00473,473
2023,intendente,00474,474
2023,intendente,00475,475
2023,intendente,00476,476
2023,intendente,00477,477
2023,intendente,00480,480
2023,intendente,00481,481
2023,intendente,00482,482
2023,intendente,00483,483
2023,intendente,00484,484
2023,intendente,00485,485
2023,intendente,00486,486
2023,intendente,00487,487
2023,intendente,00488,488
2023,intendente,00493,493
2023,intendente,00495,495
2023,intendente,00496,496
2023,intendente,0496A,496A
2023,intendente,0496B,496B
2023,intendente,0496C,496C
2023,intendente,0496D,496D
2023,intendente,0496E,496E
2023,intendente,0496F,496F
2023,intendente,00497,497
2023,intendente,0497A,497A
2023,intendente,0497B,497B
2023,intendente,0497C,497C
2023,intendente,0497D,497D
2023,intendente,0497E,497E
2023,intendente,0497F,497F
2023,intendente,00498,498
2023,intendente,00501,501
2023,intendente,00502,502
2023,intendente,00503,503
2023,intendente,0503A,503A
2023,intendente,00504,504
2023,intendente,0504A,504A
2023,intendente,00505,505
2023,intendente,0505A,505A
2023,intendente,0505B,505B
2023,intendente,00508,508
2023,intendente,0508A,508A
2023,intendente,0508B,508B
2023,intendente,0508C,508C
2023,intendente,0508D,508D
2023,intendente,0508E,508E
2023,intendente,0508F,508F
2023,intendente,0508G,508G
2023,intendente,00509,509
2023,intendente,0509A,509A
2023,intendente,00516,516
2023,intendente,00517,517
2023,intendente,00518,518
2023,intendente,00519,519
2023,intendente,00520,520
2023,intendente,00521,521
2023,presidente,00460,460
2023,presidente,00461,461
2023,presidente,00462,462
2023,presidente,00463,463
2023,presidente,00464,464
2023,presidente,00465,465
2023,presidente,00466,466
2023,presidente,00467,467
2023,presidente,00468,468
2023,presidente,00469,469
2023,presidente,00471,471
2023,presidente,00472,472
2023,presidente,00473,473
2023,presidente,00474,474
2023,presidente,00475,475
2023,presidente,00476,476
2023,presidente,00477,477
2023,presidente,00480,480
2023,presidente,00481,481
2023,presidente,00482,482
2023,presidente,00483,483
2023,presidente,00484,484
2023,presidente,00485,485
2023,presidente,00486,486
2023,presidente,00487,487
2023,presidente,00488,488
2023,presidente,00493,493
2023,presidente,00495,495
2023,presidente,00496,496
2023,presidente,0496A,496A
2023,presidente,0496B,496B
2023,presidente,0496C,496C
2023,presidente,0496D,496D
2023,presidente,0496E,496E
2023,presidente,0496F,496F
2023,presidente,00497,497
2023,presidente,0497A,497A
2023,presidente,0497B,497B
2023,presidente,0497C,497C
2023,presidente,0497D,497D
2023,presidente,0497E,497E
2023,presidente,0497F,497F
2023,presidente,00498,498
2023,presidente,00501,501
2023,presidente,00502,502
2023,presidente,00503,503
2023,presidente,0503A,503A
2023,presidente,00504,504
2023,presidente,0504A,504A
2023,presidente,00505,505
2023,presidente,0505A,505A
2023,presidente,0505B,505B
2023,presidente,00508,508
2023,presidente,0508A,508A
2023,presidente,0508B,508B
2023,presidente,0508C,508C
2023,presidente,0508D,508D
2023,presidente,0508E,508E
2023,presidente,0508F,508F
2023,presidente,0508G,508G
2023,presidente,00509,509
2023,presidente,0509A,509A
2023,presidente,00516,516
2023,presidente,00517,517
2023,presidente,00518,518
2023,presidente,00519,519
2023,presidente,00520,520
2023,presidente,00521,521
2025,nacional,460,460
2025,nacional,461,461
2025,nacional,462,462
2025,nacional,463,463
2025,nacional,464,464
2025,nacional,465,465
2025,nacional,466,466
2025,nacional,467,467
2025,nacional,468,468
2025,nacional,469,469
2025,nacional,471,471
2025,nacional,472,472
2025,nacional,473,473
2025,nacional,474,474
2025,nacional,475,475
2025,nacional,476,476
2025,nacional,477,477
2025,nacional,480,480
2025,nacional,481,481
2025,nacional,482,482
2025,nacional,483,483
2025,nacional,484,484
2025,nacional,485,485
2025,nacional,486,486
2025,nacional,487,487
2025,nacional,488,488
2025,nacional,493,493
2025,nacional,495,495
2025,nacional,496,496
2025,nacional,0496A,496A
2025,nacional,0496B,496B
2025,nacional,0496C,496C
2025,nacional,0496D,496D
2025,nacional,0496E,496E
2025,nacional,0496F,496F
2025,nacional,497,497
2025,nacional,0497A,497A
2025,nacional,0497B,497B
2025,nacional,0497C,497C
2025,nacional,0497D,497D
2025,nacional,0497E,497E
2025,nacional,0497F,497F
2025,nacional,498,498
2025,nacional,501,501
2025,nacional,502,502
2025,nacional,503,503
2025,nacional,0503A,503A
2025,nacional,504,504
2025,nacional,0504A,504A
2025,nacional,505,505
2025,nacional,0505A,505A
2025,nacional,0505B,505B
2025,nacional,508,508
2025,nacional,0508A,508A
2025,nacional,0508B,508B
2025,nacional,0508C,508C
2025,nacional,0508D,508D
2025,nacional,0508E,508E
2025,nacional,0508F,508F
2025,nacional,0508G,508G
2025,nacional,509,509
2025,nacional,0509A,509A
2025,nacional,516,516
2025,nacional,517,517
2025,nacional,518,518
2025,nacional,519,519
2025,nacional,520,520
2025,nacional,521,521
