anio,agrupacion,nivel,campo_ideologico,filiacion_politica,vparty_economico,vparty_progresismo,vparty_populismo
2001,ACCION POR LA REPUBLICA,municipal,5,liberales,2.243,-0.238,0.136
2001,ALIANZA FRENTE PLATENSE,municipal,3,radicalismo,0.262,0.755,0.288
2001,FRENTE COMPROMISO SOCIAL,municipal,,,,,
2001,FRENTE GRANDE,municipal,2,peronistas,-0.980,1.195,0.534
2001,FRENTE POLO SOCIAL,municipal,2,progresistas,-1.412,1.557,0.723
2001,FRENTE RENOVADOR POPULAR EN BS.AS.-FREPEBA-,municipal,,,,,
2001,FRENTE VECINALISTA PROVINCIAL,municipal,,vecinalismo,,,
2001,IZQUIERDA UNIDA -I.U.-,municipal,1,marxistas,-1.991,2.325,0.723
2001,MOVIMIENTO POPULAR BONAERENSE (MO.PO.BO.),municipal,4,nacionalistas,1.579,-1.862,0.425
2001,MOVIMIENTO POPULAR PARA LA RECONQUISTA,municipal,,,,,
2001,PARTIDO DE LOS TRABAJADORES SOCIALISTAS,municipal,1,marxistas,-1.991,2.325,0.723
2001,PARTIDO DEL OBRERO,municipal,1,marxistas,-1.991,2.325,0.723
2001,PARTIDO HUMANISTA,municipal,2,progresistas,-1.412,1.557,0.723
2001,PARTIDO JUSTICIALISTA,municipal,3,peronistas,0.544,0.050,0.503
2001,PARTIDO LABORISTA DE LA PCIA.DE BS.AS.,municipal,2,peronistas,,,
2001,PARTIDO POP.DE LA RECONSTRUCCION (P.P.R.),municipal,,,,,
2001,PARTIDO PROGRESO SOCIAL,municipal,3,peronistas,-0.416,0.268,0.658
2001,PARTIDO SOCIALISTA,municipal,2,progresistas,-1.683,2.154,0.481
2001,PARTIDO UNIDAD FEDERALISTA (PAUFE),municipal,4,nacionalistas,1.579,-1.862,0.425
2001,UNION DEL CENTRO DEMOCRATICO,municipal,4,liberales,2.365,-1.020,0.045
2001,ACCION POR LA REPUBLICA,provincial,5,liberales,2.243,-0.238,0.136
2001,ALIANZA FRENTE PLATENSE,provincial,3,radicalismo,0.262,0.755,0.288
2001,FRENTE COMPROMISO SOCIAL,provincial,,,,,
2001,FRENTE GRANDE,provincial,2,peronistas,-0.980,1.195,0.534
2001,FRENTE POLO SOCIAL,provincial,2,progresistas,-1.412,1.557,0.723
2001,FRENTE RENOVADOR POPULAR,provincial,,,,,
2001,FRENTE VECINALISTA PROVINCIAL,provincial,,vecinalismo,,,
2001,IZQUIERDA UNIDA,provincial,1,marxistas,-1.991,2.325,0.723
2001,MOVIMIENTO POPULAR BONAERENSE,provincial,4,nacionalistas,1.579,-1.862,0.425
2001,MOVIMIENTO POPULAR PARA LA RECONQUISTA,provincial,,,,,
2001,PARTIDO DE LOS TRABAJADORES SOCIALISTAS,provincial,1,marxistas,-1.991,2.325,0.723
2001,PARTIDO DEL OBRERO,provincial,1,marxistas,-1.991,2.325,0.723
2001,PARTIDO HUMANISTA,provincial,2,progresistas,-1.412,1.557,0.723
2001,PARTIDO JUSTICIALISTA,provincial,3,peronistas,0.544,0.050,0.503
2001,PARTIDO LABORISTA,provincial,2,peronistas,,,
2001,PARTIDO POPULAR DE LA RECONSTRUCCION,provincial,,,,,
2001,PARTIDO PROGRESO SOCIAL,provincial,3,peronistas,-0.416,0.268,0.658
2001,PARTIDO SOCIALISTA DEMOCRATICO (ARI),provincial,4,otros,0.452,0.299,0.372
2001,PARTIDO UNIDAD FEDERALISTA,provincial,4,nacionalistas,1.579,-1.862,0.425
2001,UNION DEL CENTRO DEMOCRATICO,provincial,4,liberales,2.365,-1.020,0.045
2003,AFEBA - PLATENSE,gobernacion,4,nacionalistas,1.579,-1.862,0.425
2003,AGRUPACION COMUNAL ALTERNATIVA,gobernacion,,,,,
2003,AZA. AC. FEDERALISTA P/ BS. AS. - AFEBA,gobernacion,4,nacionalistas,1.579,-1.862,0.425
2003,AZA. AFIRM. P/ UNA REP. IGUALIT. - ARI,gobernacion,4,otros,0.452,0.299,0.372
2003,AZA. FTE. CAMBIA BUENOS AIRES,gobernacion,2,peronistas,,,
2003,AZA. FTE. POPULAR BONAERENSE - FREPOBO,gobernacion,4,nacionalistas,1.579,-1.862,0.425
2003,AZA. IZQUIERDA UNIDA - P. SOCIALISTA,gobernacion,2,progresistas,-1.683,2.154,0.481
2003,AZA. MOV. FED. P. RECREAR EL CRECIMIENTO,gobernacion,4,radicalismo,0.039,0.874,0.354
2003,FRENTE AMPLIO POR LA CIUDAD,gobernacion,2,progresistas,-1.991,1.557,0.821
2003,FRENTE RENOVADOR PLATENSE,gobernacion,4,peronistas,0.376,-0.016,0.363
2003,FRENTE UNION Y LIBERTAD,gobernacion,,,,,
2003,FTE. POLO SOCIAL PARA LA VICTORIA,gobernacion,,,,,
2003,MOV. POR LA JUSTICIA SOCIAL - MOJUSO,gobernacion,,,,,
2003,MOV. VECINALISTA PROVINCIAL - MOVEPRO,gobernacion,,vecinalismo,,,
2003,MOVIMIENTO DE INTEG. Y DESARROLLO - MID,gobernacion,5,liberales,0.185,0.925,0.351
2003,MOVIMIENTO POPULAR PARA LA RECONQUISTA,gobernacion,,,,,
2003,P. HUMANISTA ECOLOGISTA,gobernacion,,,,,
2003,P. NACIONALISTA CONSTITUCIONAL,gobernacion,,,,,
2003,P. POPULAR DE LA RECONSTRUCCION - PPR,gobernacion,,,,,
2003,P. UNION Y LIBERTAD - PUL,gobernacion,,,,,
2003,PARTIDO DEL OBRERO,gobernacion,1,marxistas,-1.991,2.325,0.723
2003,PARTIDO DEL SOCIALISTA AUTENTICO,gobernacion,2,progresistas,-1.683,2.154,0.481
2003,PARTIDO DEMOCRATA CONSERVADOR,gobernacion,5,conservadores,2.365,-1.020,0.045
2003,PARTIDO DEMOCRATA CRISTIANO,gobernacion,4,liberales,2.365,-1.020,0.045
2003,PARTIDO ENCUENTRO POPULAR,gobernacion,,,,,
2003,PARTIDO JUSTICIALISTA,gobernacion,3,peronistas,-0.416,0.268,0.658
2003,POLITICA ABIERTA PARA LA INTEGRIDAD SOCIAL,gobernacion,4,peronistas,,,
2003,RENACER PLATENSE,gobernacion,,vecinalismo,,,
2003,UNION CIVICA RADICAL,gobernacion,3,radicalismo,0.039,0.895,0.338
2003,VOLUNT. P. LA INTEG. Y EL DES. AUT. - VIDA,gobernacion,,,,,
2003,"AFEBA-PLATENSE (SECCION CAPITAL, DISTRITO LA PLATA)",intendente,5,nacionalistas,1.579,-1.862,0.425
2003,AZA. IZQUIERDA UNIDA-PARTIDO SOCIALISTA,intendente,2,progresistas,-1.683,2.154,0.481
2003,AZA.AFIRMACION PARA UNA REPUBLICA IGUALITARIA,intendente,4,otros,0.452,0.299,0.372
2003,AZA.MOVIMIENTO FEDERAL PARA RECREAR EL CRECIMIENTO,intendente,4,radicalismo,0.039,0.874,0.354
2003,FRENTE AMPLIO POR LA CIUDAD,intendente,2,progresistas,-1.991,1.557,0.821
2003,FRENTE CAMBIA BUENOS AIRES,intendente,2,peronistas,,,
2003,FRENTE POPULAR BONAERENSE,intendente,4,nacionalistas,1.579,-1.862,0.425
2003,FRENTE RENOVADOR PLATENSE,intendente,4,peronistas,0.376,-0.016,0.363
2003,FRENTE UNION Y LIBERTAD,intendente,,,,,
2003,LA PLATA AGRUPACION COMUNAL ALTERNATIVA,intendente,,,,,
2003,MOVIMIENTO DE INTEGRACION Y DESARROLLO,intendente,5,liberales,0.185,0.925,0.351
2003,MOVIMIENTO PARA LA JUSTICIA SOCIAL,intendente,,,,,
2003,PARTIDO DE LOS TRABAJADORES SOCIALISTAS,intendente,1,marxistas,-1.991,2.325,0.723
2003,PARTIDO DEL OBRERO,intendente,1,marxistas,-1.991,2.325,0.723
2003,PARTIDO DEMOCRATA CRISTIANO,intendente,4,liberales,2.365,-1.020,0.045
2003,PARTIDO ENCUENTRO POPULAR,intendente,,,,,
2003,PARTIDO HUMANISTA ECOLOGISTA,intendente,,,,,
2003,PARTIDO JUSTICIALISTA,intendente,3,peronistas,-0.416,0.268,0.658
2003,PARTIDO POPULAR DE LA RECONSTRUCCION,intendente,,,,,
2003,RENACER PLATENSE,intendente,,vecinalismo,,,
2003,UNION CIVICA RADICAL,intendente,3,radicalismo,0.039,0.895,0.338
2005,AFIRMACION PARA UNA REPUBLICA IGUALITARIA,municipal,4,otros,0.452,0.299,0.372
2005,CONFEDERACION VECINAL,municipal,,vecinalismo,,,
2005,ENCUENTRO AMPLIO,municipal,1,progresistas,-1.991,1.557,0.821
2005,FED.DEMOCRATA CRIST. DE RENOVACION FEDERAL,municipal,4,liberales,2.365,-1.020,0.045
2005,FRENTE JUSTICIALISTA,municipal,3,peronistas,-1.659,1.782,0.803
2005,FRENTE MAS - PTS,municipal,1,marxistas,-1.991,2.325,0.723
2005,FRENTE PARA LA VICTORIA,municipal,3,peronistas,-1.541,1.669,0.791
2005,FRENTE POPULAR,municipal,,,,,
2005,FRENTE RENOVADOR PLATENSE,municipal,4,peronistas,0.376,-0.016,0.363
2005,FRENTE UNION POPULAR,municipal,5,conservadores,2.365,-1.020,0.045
2005,MOV.SOCIALISTA DE LOS TRABAJADORES,municipal,1,marxistas,-1.991,2.325,0.723
2005,MOVIMIENTO DE INTEGRACION Y DESARROLLO,municipal,5,liberales,0.185,0.925,0.351
2005,MOVIMIENTO POR LA JUSTICIA SOCIAL,municipal,,,,,
2005,MOVIMIENTO VECINALISTA PROVINCIAL,municipal,,vecinalismo,,,
2005,NUEVA CAPITAL,municipal,,vecinalismo,,,
2005,PARTIDO HUMANISTA,municipal,2,progresistas,-1.412,1.557,0.723
2005,PARTIDO NACIONALISTA CONSTITUCIONAL (UNIR),municipal,5,nacionalistas,,,
2005,PARTIDO NUEVO BUENOS AIRES,municipal,4,otros,,,
2005,PARTIDO OBRERO,municipal,1,marxistas,-1.991,2.325,0.723
2005,PARTIDO PROYECTO POPULAR,municipal,,,,,
2005,PARTIDO RENOVADOR DE LA PROV. DE BS AS,municipal,4,peronistas,0.376,-0.016,0.363
2005,PARTIDO SOCIALISTA AUTENTICO,municipal,2,progresistas,-1.683,2.154,0.481
2005,PROPUESTA REPUBLICANA,municipal,5,liberales,1.401,-0.142,0.186
2005,UNION CIVICA RADICAL,municipal,3,radicalismo,0.032,0.829,0.356
2005,AFIRMACION PARA UNA REPUBLICA IGUALITARIA,provincial,4,otros,0.452,0.299,0.372
2005,CONFEDERACION VECINAL,provincial,,vecinalismo,,,
2005,ENCUENTRO AMPLIO,provincial,1,progresistas,-1.991,1.557,0.821
2005,FED.DEMOCRATA CRIST. DE RENOVACION FEDERAL,provincial,4,liberales,2.365,-1.020,0.045
2005,FRENTE JUSTICIALISTA,provincial,3,peronistas,-1.659,1.782,0.803
2005,FRENTE MAS - PTS,provincial,1,marxistas,-1.991,2.325,0.723
2005,FRENTE PARA LA VICTORIA,provincial,3,peronistas,-1.541,1.669,0.791
2005,FRENTE POPULAR,provincial,,,,,
2005,FRENTE RENOVADOR PLATENSE,provincial,4,peronistas,0.376,-0.016,0.363
2005,FRENTE UNION POPULAR,provincial,5,conservadores,2.365,-1.020,0.045
2005,FTE. BONAERENSE AUTONOMISTA AUTENTICO,provincial,4,nacionalistas,-0.416,0.268,0.658
2005,MOV.SOCIALISTA DE LOS TRABAJADORES,provincial,1,marxistas,-1.991,2.325,0.723
2005,MOVIMIENTO DE INTEGRACION Y DESARROLLO,provincial,5,liberales,0.185,0.925,0.351
2005,MOVIMIENTO POR LA JUSTICIA SOCIAL,provincial,,,,,
2005,MOVIMIENTO VECINALISTA PROVINCIAL,provincial,,vecinalismo,,,
2005,NUEVA CAPITAL,provincial,,vecinalismo,,,
2005,PARTIDO HUMANISTA,provincial,2,progresistas,-1.412,1.557,0.723
2005,PARTIDO NACIONALISTA CONSTITUCIONAL (UNIR),provincial,5,nacionalistas,,,
2005,PARTIDO NUEVO BUENOS AIRES,provincial,4,otros,,,
2005,PARTIDO OBRERO,provincial,1,marxistas,-1.991,2.325,0.723
2005,PARTIDO PROYECTO POPULAR,provincial,,,,,
2005,PARTIDO RENOVADOR DE LA PROV. DE BS AS,provincial,4,peronistas,0.376,-0.016,0.363
2005,PARTIDO SOCIALISTA AUTENTICO,provincial,2,progresistas,-1.683,2.154,0.481
2005,PROPUESTA REPUBLICANA,provincial,5,liberales,1.401,-0.142,0.186
2005,UNION CIVICA RADICAL,provincial,3,radicalismo,0.032,0.829,0.356
2007,CONVOCATORIA DE INTEGRACION CIUDADANA,gobernacion,,,,,
2007,FRENTE COALICION CIVICA,gobernacion,4,otros,0.452,0.299,0.372
2007,FRENTE GRANDE,gobernacion,2,peronistas,-0.980,1.195,0.534
2007,FRENTE PARA LA VICTORIA,gobernacion,3,peronistas,-1.659,1.782,0.803
2007,FRENTE PTS - MAS - IZQUIERDA SOCIALISTA,gobernacion,1,marxistas,-1.991,2.325,0.723
2007,FUERZA PLATENSE,gobernacion,,vecinalismo,,,
2007,MOV. SOCIALISTA DE LOS TRABAJADORES,gobernacion,1,marxistas,-1.991,2.325,0.723
2007,MOVIMIENTO INDEPENDIENTE DE JUBILADOS Y DESOCUPADOS,gobernacion,1,nacionalistas,-1.991,2.325,0.723
2007,PARTIDO DE LOS COMUNISTAS DE LA PCIA,gobernacion,2,marxistas,-1.412,1.557,0.723
2007,PARTIDO JUSTICIALISTA,gobernacion,3,peronistas,-1.659,1.782,0.803
2007,PARTIDO OBRERO,gobernacion,1,marxistas,-1.991,2.325,0.723
2007,PARTIDO PROGRESO SOCIAL,gobernacion,3,peronistas,-0.416,0.268,0.658
2007,PARTIDO SOCIALISTA,gobernacion,2,progresistas,-1.683,2.154,0.481
2007,PARTIDO SOCIALISTA AUTENTICO,gobernacion,2,progresistas,-1.683,2.154,0.481
2007,PARTIDO UNIDAD FEDERALISTA (PA.U.FE.),gobernacion,4,nacionalistas,1.579,-1.862,0.425
2007,RECREAR PARA EL CRECIMIENTO,gobernacion,4,radicalismo,0.039,0.874,0.354
2007,SOCIEDAD JUSTA,gobernacion,4,radicalismo,0.039,0.874,0.354
2007,UNION CIVICA RADICAL,gobernacion,3,radicalismo,0.039,0.874,0.354
2007,UNION DE CENTRO DEMOCRATICO,gobernacion,4,liberales,2.365,-1.020,0.045
2007,UNION POPULAR,gobernacion,2.365,-1.020,0.045
2007,UNION PRO,gobernacion,5,liberales,1.401,-0.142,0.186
2007,VAMOS,gobernacion,,,,,
2007,CONVOCATORIA DE INTEGRACION CIUDADANA,intendente,,,,,
2007,FRENTE COALICION CIVICA,intendente,4,otros,0.452,0.299,0.372
2007,FRENTE GRANDE,intendente,2,peronistas,-0.980,1.195,0.534
2007,FRENTE PTS - MAS - IZQUIERDA SOCIALISTA,intendente,1,marxistas,-1.991,2.325,0.723
2007,FUERZA PLATENSE,intendente,,vecinalismo,,,
2007,MOV. SOCIALISTA DE LOS TRABAJADORES,intendente,1,marxistas,-1.991,2.325,0.723
2007,MOVIMIENTO INDEPENDIENTE DE JUBILADOS Y,intendente,1,nacionalistas,-1.991,2.325,0.723
2007,PARTIDO DE LOS COMUNISTAS DE LA PCIA,intendente,2,marxistas,-1.412,1.557,0.723
2007,PARTIDO JUSTICIALISTA,intendente,3,peronistas,-1.659,1.782,0.803
2007,PARTIDO OBRERO,intendente,1,marxistas,-1.991,2.325,0.723
2007,PARTIDO PROGRESO SOCIAL,intendente,3,peronistas,-0.416,0.268,0.658
2007,PARTIDO SOCIALISTA,intendente,2,progresistas,-1.683,2.154,0.481
2007,PARTIDO SOCIALISTA AUTENTICO,intendente,2,progresistas,-1.683,2.154,0.481
2007,PARTIDO UNIDAD FEDERALISTA (PA.U.FE.),intendente,4,nacionalistas,1.579,-1.862,0.425
2007,RECREAR PARA EL CRECIMIENTO,intendente,4,radicalismo,0.039,0.874,0.354
2007,SOCIEDAD JUSTA,intendente,4,radicalismo,0.039,0.874,0.354
2007,UNION CIVICA RADICAL,intendente,3,radicalismo,0.039,0.874,0.354
2007,UNION DE CENTRO DEMOCRATICO,intendente,4,liberales,2.365,-1.020,0.045
2007,UNION POPULAR,intendente,2.365,-1.020,0.045
2007,UNION PRO,intendente,5,liberales,1.401,-0.142,0.186
2007,VAMOS,intendente,,,,,
2009,ACUERDO CIVICO Y SOCIAL,municipal,3,progresistas,-0.692,1.546,0.461
2009,AGRUPACION MUNICIPAL CONFLUENCIA CIVICA,municipal,,,,,
2009,CONSENSO FEDERAL,municipal,4,peronismo provincial,,,
2009,FRENTE DE IZQUIERDA Y LOS TRABAJADORES,municipal,1,marxistas,-1.991,2.325,0.723
2009,FRENTE ES POSIBLE,municipal,,,,,
2009,FRENTE JUSTICIALISTA PARA LA VICTORIA. (*),municipal,3,peronistas,-1.664,1.831,0.871
2009,FRENTE RENOVADOR PLATENSE. (*),municipal,4,peronistas,0.376,-0.016,0.363
2009,MOVIMIENTO INDEPENDIENTE DE JUBILADOS Y,municipal,1,nacionalistas,-1.991,2.325,0.723
2009,NUEVA UNION CIUDADANA (N.U.C.),municipal,,,,,
2009,NUEVO ENCUENTRO,municipal,2,marxistas,-1.412,1.557,0.723
2009,PARTIDO RENOVADOR DE LA PROVINCIA DE BUENOS,municipal,4,peronistas,0.376,-0.016,0.363
2009,POLITICA OBRERA,municipal,1,marxistas,-1.991,2.325,0.723
2009,UNION PRO,municipal,5,liberales,1.401,-0.142,0.186
2009,VOLUNTAD PARA LA INTEGRACION Y EL,municipal,,,,,
2009,ACUERDO CIVICO Y SOCIAL,provincial,3,progresistas,-0.692,1.546,0.461
2009,CONSENSO FEDERAL,provincial,4,peronismo provincial,,,
2009,FRENTE DE IZQUIERDA Y LOS TRABAJADORES,provincial,1,marxistas,-1.991,2.325,0.723
2009,FRENTE ES POSIBLE,provincial,,,,,
2009,FRENTE JUSTICIALISTA PARA LA VICTORIA,provincial,3,peronistas,-1.664,1.831,0.871
2009,FRENTE RENOVADOR PLATENSE,provincial,4,peronistas,0.376,-0.016,0.363
2009,MOVIMIENTO INDEPENDIENTE DE JUBILADOS Y,provincial,1,nacionalistas,-1.991,2.325,0.723
2009,NUEVA UNION CIUDADANA (N.U.C.),provincial,,,,,
2009,NUEVO ENCUENTRO,provincial,2,marxistas,-1.412,1.557,0.723
2009,PARTIDO RENOVADOR DE LA PROVINCIA DE BUENOS,provincial,4,peronistas,0.376,-0.016,0.363
2009,POLITICA OBRERA,provincial,1,marxistas,-1.991,2.325,0.723
2009,UNION PRO,provincial,5,liberales,1.401,-0.142,0.186
2009,VOLUNTAD PARA LA INTEGRACION Y EL,provincial,,,,,
2011,ALIANZA FRENTE AMPLIO PROGRESISTA,gobernacion,2,progresistas,-1.268,1.642,0.492
2011,ALIANZA FRENTE DE IZQUIERDA Y DE LOS TRABAJADORES,gobernacion,1,marxistas,-1.991,2.325,0.723
2011,ALIANZA FRENTE PARA LA VICTORIA,gobernacion,3,peronistas,-1.686,2.097,0.871
2011,ALIANZA FRENTE POPULAR,gobernacion,2,progresistas,-1.412,1.557,0.723
2011,ALIANZA PROYECTO SUR,gobernacion,2,progresistas,-1.412,1.557,0.723
2011,ALIANZA UNION PARA EL DESARROLLO SOCIAL - UDESO,gobernacion,4,radicales,0.185,0.925,0.351
2011,ALIANZA UNIÓN PARA EL DESARROLLO SOCIAL,gobernacion,4,radicales,0.185,0.925,0.351
2011,COALICION CIVICA ARI,gobernacion,4,otros,0.452,0.299,0.372
2011,COALICIÓN CÍVICA - AFIRMACIÓN PARA UNA REPÚBLICA IGUALITARIA ARI,gobernacion,4,otros,0.452,0.299,0.372
2011,COMPROMISO FEDERAL,gobernacion,4,peronismo provincial,0.447,-0.547,0.375
2011,FRENTE AMPLIO PROGRESISTA,gobernacion,2,progresistas,-1.268,1.642,0.492
2011,NUEVO ENCUENTRO,gobernacion,2,progresistas,-1.991,1.557,0.821
2011,ALIANZA COMPROMISO FEDERAL,intendente,4,peronismo provincial,0.447,-0.547,0.375
2011,ALIANZA FRENTE AMPLIO PROGRESISTA,intendente,2,progresistas,-1.268,1.642,0.492
2011,ALIANZA FRENTE DE IZQUIERDA Y DE LOS TRABAJADORES,intendente,1,marxistas,-1.991,2.325,0.723
2011,ALIANZA FRENTE PARA LA VICTORIA,intendente,3,peronistas,-1.686,2.097,0.871
2011,ALIANZA FRENTE POPULAR,intendente,2,progresistas,-1.412,1.557,0.723
2011,ALIANZA UNIÓN PARA EL DESARROLLO SOCIAL,intendente,4,radicales,0.185,0.925,0.351
2011,COALICIÓN CÍVICA - AFIRMACIÓN PARA UNA REPÚBLICA IGUALITARIA ARI,intendente,4,otros,0.452,0.299,0.372
2011,FRENTE SOCIAL DE LA PCIA. BS.AS.,intendente,2,progresistas,-1.686,2.097,0.871
2011,NUEVO ENCUENTRO,intendente,2,progresistas,-1.991,1.557,0.821
2011,PROYECTO SUR,intendente,2,peronistas,-1.412,1.557,0.723
2011,ALIANZA COMPROMISO FEDERAL,presidente,4,peronismo provincial,0.447,-0.547,0.375
2011,ALIANZA FRENTE AMPLIO PROGRESISTA,presidente,2,progresistas,-1.268,1.642,0.492
2011,ALIANZA FRENTE DE IZQUIERDA Y DE LOS TRABAJADORES,presidente,1,marxistas,-1.991,2.325,0.723
2011,ALIANZA FRENTE PARA LA VICTORIA,presidente,3,peronistas,-1.686,2.097,0.871
2011,ALIANZA FRENTE POPULAR,presidente,2,progresistas,-1.412,1.557,0.723
2011,ALIANZA PROYECTO SUR,presidente,2,progresistas,-1.412,1.557,0.723
2011,ALIANZA UNION PARA EL DESARROLLO SOCIAL - UDESO,presidente,4,radicales,0.185,0.925,0.351
2011,ALIANZA UNIÓN PARA EL DESARROLLO SOCIAL,presidente,4,radicales,0.185,0.925,0.351
2011,COALICION CIVICA ARI,presidente,4,otros,0.452,0.299,0.372
2011,COALICIÓN CÍVICA - AFIRMACIÓN PARA UNA REPÚBLICA IGUALITARIA ARI,presidente,4,otros,0.452,0.299,0.372
2011,DEL CAMPO POPULAR,presidente,4,otros,,,
2011,MOVIMIENTO DE ACCION VECINAL,presidente,4,vecinalismo,,,
2013,COMPROMISO FEDERAL,municipal,4,peronismo provincial,0.447,-0.547,0.375
2013,ESPACIO UNION PRO,municipal,5,liberales,1.401,-0.142,0.186
2013,FRENTE CIUDAD NUEVA,municipal,1,progresistas,-1.991,1.557,0.821
2013,FRENTE DE IZQUIERDA Y DE LOS TRABAJADORES,municipal,1,marxistas,-1.991,2.325,0.723
2013,FRENTE PARA LA VICTORIA,municipal,3,peronistas,-1.663,2.033,0.872
2013,FRENTE POPULAR DEMOCRATICO Y SOCIAL (PODEMOS),municipal,2,progresistas,-1.412,1.557,0.723
2013,FRENTE PROGRESISTA CIVICO Y SOCIAL,municipal,3,progresistas,-0.692,1.546,0.461
2013,FRENTE RENOVADOR,municipal,4,peronistas,0.376,-0.016,0.363
2013,FRENTE SOCIAL DE LA PROVINCIA DE BUENOS AIRES,municipal,3,progresistas,-1.663,2.033,0.872
2013,PARTIDO LEALTAD Y DIGNIDAD DE LA PROVINCIA DE BUENOS AIRES,municipal,4,peronistas,,,
2013,UNIDOS POR LA LIBERTAD Y EL TRABAJO,municipal,4,peronistas,0.185,0.925,0.351
2013,UNION CON FE,municipal,4,nacionalistas,,,
2013,COMPROMISO FEDERAL,nacional,4,peronismo provincial,0.447,-0.547,0.375
2013,FRENTE DE IZQUIERDA Y DE LOS TRABAJADORES,nacional,1,marxistas,-1.991,2.325,0.723
2013,FRENTE PARA LA VICTORIA,nacional,3,peronistas,-1.663,2.033,0.872
2013,FRENTE POPULAR DEMOCRATICO Y SOCIAL (PODEMOS),nacional,2,progresistas,-1.412,1.557,0.723
2013,FRENTE PROGRESISTA CIVICO Y SOCIAL,nacional,3,progresistas,-0.692,1.546,0.461
2013,FRENTE RENOVADOR,nacional,4,peronistas,0.376,-0.016,0.363
2013,GENTE EN ACCION,nacional,6,nacionalistas,,,
2013,MOVIMIENTO AVANZADA SOCIALISTA,nacional,1,marxistas,-1.991,2.325,0.723
2013,UNIDOS POR LA LIBERTAD Y EL TRABAJO,nacional,4,peronistas,0.185,0.925,0.351
2013,UNION CON FE,nacional,4,nacionalistas,,,
2013,COMPROMISO FEDERAL,provincial,4,peronismo provincial,0.447,-0.547,0.375
2013,FRENTE DE IZQUIERDA Y DE LOS TRABAJADORES,provincial,1,marxistas,-1.991,2.325,0.723
2013,FRENTE PARA LA VICTORIA,provincial,3,peronistas,-1.663,2.033,0.872
2013,FRENTE POPULAR DEMOCRATICO Y SOCIAL (PODEMOS),provincial,2,progresistas,-1.412,1.557,0.723
2013,FRENTE PROGRESISTA CIVICO Y SOCIAL,provincial,3,progresistas,-0.692,1.546,0.461
2013,FRENTE RENOVADOR,provincial,4,peronistas,0.376,-0.016,0.363
2013,PARTIDO LEALTAD Y DIGNIDAD DE LA PROVINCIA DE BUENOS AIRES,provincial,4,peronistas,,,
2013,UNIDOS POR LA LIBERTAD Y EL TRABAJO,provincial,4,peronistas,0.185,0.925,0.351
2013,UNION CON FE,provincial,4,nacionalistas,,,
2015,ALIANZA COMPROMISO FEDERAL,gobernacion,4,peronismo provincial,0.447,-0.547,0.375
2015,ALIANZA FRENTE DE IZQUIERDA Y DE LOS TRABAJADORES,gobernacion,1,marxistas,-1.991,2.325,0.723
2015,ALIANZA FRENTE PARA LA VICTORIA,gobernacion,3,peronistas,-1.659,1.961,0.848
2015,ALIANZA FRENTE POPULAR,gobernacion,2,progresistas,-1.412,1.557,0.723
2015,ALIANZA PROGRESISTAS,gobernacion,2,progresistas,-1.268,1.642,0.492
2015,ALIANZA UNIDOS POR UNA NUEVA ALTERNATIVA (UNA),gobernacion,4,peronistas,0.376,-0.016,0.363
2015,CAMBIEMOS BUENOS AIRES,gobernacion,5,liberales,1.427,0.001,0.148
2015,MOVIMIENTO AL SOCIALISMO,gobernacion,1,marxistas,-1.991,2.325,0.723
2015,MST-MOVIMIENTO SOCIALISTA DE LOS TRABAJADORES,gobernacion,1,marxistas,-1.991,2.325,0.723
2015,PATRIA GRANDE,gobernacion,1,progresistas,-1.991,1.557,0.821
2015,ALIANZA COMPROMISO FEDERAL,intendente,4,peronismo provincial,0.447,-0.547,0.375
2015,ALIANZA FRENTE DE IZQUIERDA Y DE LOS TRABAJADORES,intendente,1,marxistas,-1.991,2.325,0.723
2015,ALIANZA FRENTE PARA LA VICTORIA,intendente,3,peronistas,-1.659,1.961,0.848
2015,ALIANZA FRENTE POPULAR,intendente,2,progresistas,-1.412,1.557,0.723
2015,ALIANZA PROGRESISTAS,intendente,2,progresistas,-1.268,1.642,0.492
2015,ALIANZA UNIDOS POR UNA NUEVA ALTERNATIVA (UNA),intendente,4,peronistas,0.376,-0.016,0.363
2015,CAMBIEMOS BUENOS AIRES,intendente,5,liberales,1.427,0.001,0.148
2015,MOVIMIENTO AL SOCIALISMO,intendente,1,marxistas,-1.991,2.325,0.723
2015,MST-MOVIMIENTO SOCIALISTA DE LOS TRABAJADORES,intendente,1,marxistas,-1.991,2.325,0.723
2015,PARTIDO POPULAR,intendente,4,peronismo provincial,,,
2015,PATRIA GRANDE,intendente,1,progresistas,-1.991,1.557,0.821
2015,TODOS POR BUENOS AIRES,intendente,4,nacionalistas,1.579,-1.862,0.425
2015,UNION DEL PUEBLO LA PLATA,intendente,1,marxistas,-1.991,2.325,0.723
2015,ALIANZA CAMBIEMOS,presidente,5,liberales,1.427,0.001,0.148
2015,ALIANZA COMPROMISO FEDERAL,presidente,4,peronismo provincial,0.447,-0.547,0.375
2015,ALIANZA FRENTE DE IZQUIERDA Y DE LOS TRABAJADORES,presidente,1,marxistas,-1.991,2.325,0.723
2015,ALIANZA FRENTE PARA LA VICTORIA,presidente,3,peronistas,-1.659,1.961,0.848
2015,ALIANZA FRENTE POPULAR,presidente,2,progresistas,-1.412,1.557,0.723
2015,ALIANZA PROGRESISTAS,presidente,2,progresistas,-1.268,1.642,0.492
2015,ALIANZA UNIDOS POR UNA NUEVA ALTERNATIVA (UNA),presidente,4,peronistas,0.376,-0.016,0.363
2015,CAMBIEMOS,presidente,5,liberales,1.401,-0.142,0.186
2015,FRENTE PARA LA VICTORIA,presidente,3,peronistas,-1.659,1.961,0.848
2015,MOVIMIENTO AL SOCIALISMO,presidente,1,marxistas,-1.991,2.325,0.723
2015,MOVIMIENTO DE ACCION VECINAL,presidente,4,vecinalismo,,,
2015,MST - NUEVA IZQUIERDA,presidente,1,marxistas,-1.991,2.325,0.723
2015,PARTIDO POPULAR,presidente,4,peronismo provincial,,,
2017,1PAIS,municipal,3,peronistas,0.369,0.123,0.43
2017,CAMBIEMOS BUENOS AIRES,municipal,5,liberales,1.418,-0.055,0.145
2017,CORRIENTE DE PENSAMIENTO BONAERENSE (CO.PE.BO),municipal,4,peronistas,,,
2017,ENCUENTRO POPULAR POR TIERRA TECHO Y TRABAJO,municipal,1,progresistas,,,
2017,FEDERAL,municipal,4,peronismo provincial,,,
2017,FRENTE DE IZQUIERDA Y DE LOS TRABAJADORES,municipal,1,marxistas,-1.991,2.325,0.723
2017,FRENTE JUSTICIALISTA,municipal,3,peronistas,-0.101,0.947,0.479
2017,FRENTE UNION FEDERAL,municipal,4,peronismo provincial,,,
2017,IZQUIERDA AL FRENTE POR EL SOCIALISMO,municipal,1,marxistas,-1.991,2.325,0.723
2017,PARTIDO RENOVADOR FEDERAL,municipal,4,peronistas,0.376,-0.016,0.363
2017,PARTIDO SOCIALISTA,municipal,2,progresistas,-1.268,1.642,0.492
2017,TODOS POR BUENOS AIRES,municipal,3,conservadores,,,
2017,UNIDAD CIUDADANA,municipal,3,peronistas,-1.662,1.533,0.67
2017,UVEP-U. VECINALISTA PLATENSE,municipal,3,vecinalismo,,,
2017,VAMOS CREANDO CIUDAD NUEVA,municipal,1,progresistas,-1.991,1.557,0.821
2017,1PAIS,nacional,3,peronistas,0.369,0.123,0.43
2017,CAMBIEMOS BUENOS AIRES,nacional,5,liberales,1.418,-0.055,0.145
2017,CREO,nacional,5,liberales,,,
2017,DEL CAMPO POPULAR,nacional,4,otros,,,
2017,ENCUENTRO POPULAR POR TIERRA TECHO Y TRABAJO,nacional,1,progresistas,,,
2017,FEDERAL,nacional,4,peronismo provincial,,,
2017,FRENTE DE IZQUIERDA Y DE LOS TRABAJADORES,nacional,1,marxistas,-1.991,2.325,0.723
2017,FRENTE JUSTICIALISTA,nacional,3,peronistas,-0.101,0.947,0.479
2017,FRENTE PATRIOTA BANDERA VECINAL,nacional,6,nacionalistas,,,
2017,FRENTE SOCIALISTA Y POPULAR,nacional,2,progresistas,-1.268,1.642,0.492
2017,HUMANISTA,nacional,2,progresistas,,,
2017,IZQUIERDA AL FRENTE POR EL SOCIALISMO,nacional,1,marxistas,-1.991,2.325,0.723
2017,MOVIMIENTO AMPLIO DE TRABAJADORES Y JUBILADOS,nacional,2,progresistas,,,
2017,MOVIMIENTO ORGANIZACION DEMOCRATICA,nacional,3,otros,,,
2017,PATRIA GRANDE,nacional,2,progresistas,-1.991,1.557,0.821
2017,TODOS POR BUENOS AIRES,nacional,3,conservadores,,,
2017,UNIDAD CIUDADANA,nacional,3,peronistas,-1.662,1.533,0.67
2017,1PAIS,provincial,3,peronistas,0.369,0.123,0.43
2017,CAMBIEMOS BUENOS AIRES,provincial,5,liberales,1.418,-0.055,0.145
2017,CORRIENTE DE PENSAMIENTO BONAERENSE (CO.PE.BO),provincial,4,peronistas,,,
2017,ENCUENTRO POPULAR POR TIERRA TECHO Y TRABAJO,provincial,1,progresistas,,,
2017,FEDERAL,provincial,4,peronismo provincial,,,
2017,FRENTE DE IZQUIERDA Y DE LOS TRABAJADORES,provincial,1,marxistas,-1.991,2.325,0.723
2017,FRENTE JUSTICIALISTA,provincial,3,peronistas,-0.101,0.947,0.479
2017,FRENTE UNION FEDERAL,provincial,4,peronismo provincial,,,
2017,IZQUIERDA AL FRENTE POR EL SOCIALISMO,provincial,1,marxistas,-1.991,2.325,0.723
2017,PARTIDO RENOVADOR FEDERAL,provincial,4,peronistas,0.376,-0.016,0.363
2017,PARTIDO SOCIALISTA,provincial,2,progresistas,-1.268,1.642,0.492
2017,PATRIA GRANDE,provincial,2,progresistas,-1.991,1.557,0.821
2017,TODOS POR BUENOS AIRES,provincial,3,conservadores,,,
2017,UNIDAD CIUDADANA,provincial,3,peronistas,-1.662,1.533,0.67
2019,CONSENSO FEDERAL,gobernacion,4,peronismo provincial,0.073,0.34,0.329
2019,FRENTE DE IZQUIERDA Y DE TRABAJADORES - UNIDAD,gobernacion,1,marxistas,-1.991,2.325,0.723
2019,FRENTE DE TODOS,gobernacion,3,peronistas,-0.465,1.069,0.642
2019,FRENTE NOS,gobernacion,4,nacionalistas,2.641,-1.260,0.237
2019,FRENTE PATRIOTA,gobernacion,6,nacionalistas,,,
2019,JUNTOS POR EL CAMBIO,gobernacion,5,liberales,1.401,-0.142,0.186
2019,MOVIMIENTO DE AVANZADA SOCIALISTA,gobernacion,1,marxistas,-1.991,2.325,0.723
2019,MOVIMIENTO ORGANIZACION DEMOCRATICA,gobernacion,3,otros,,,
2019,PARTIDO DIGNIDAD POPULAR,gobernacion,6,nacionalistas,,,
2019,ALTERNATIVA VECINAL PLATENSE,intendente,3,vecinalismo,,,
2019,CONSENSO FEDERAL,intendente,4,peronismo provincial,0.073,0.34,0.329
2019,FRENTE DE IZQUIERDA Y DE TRABAJADORES - UNIDAD,intendente,1,marxistas,-1.991,2.325,0.723
2019,FRENTE DE TODOS,intendente,3,peronistas,-0.465,1.069,0.642
2019,FRENTE NOS,intendente,4,nacionalistas,2.641,-1.260,0.237
2019,FRENTE PATRIOTA,intendente,6,nacionalistas,,,
2019,JUNTOS POR EL CAMBIO,intendente,5,liberales,1.401,-0.142,0.186
2019,MOVIMIENTO DE AVANZADA SOCIALISTA,intendente,1,marxistas,-1.991,2.325,0.723
2019,MOVIMIENTO ORGANIZACION DEMOCRATICA,intendente,3,otros,,,
2019,PARTIDO DIGNIDAD POPULAR,intendente,6,nacionalistas,,,
2019,PARTIDO HUMANISTA,intendente,2,progresistas,-1.412,1.557,0.723
2019,CONSENSO FEDERAL,presidente,4,peronismo provincial,0.073,0.34,0.329
2019,FRENTE DE IZQUIERDA Y DE TRABAJADORES - UNIDAD,presidente,1,marxistas,-1.991,2.325,0.723
2019,FRENTE DE TODOS,presidente,3,peronistas,-0.465,1.069,0.642
2019,FRENTE NOS,presidente,4,nacionalistas,2.641,-1.260,0.237
2019,FRENTE PATRIOTA,presidente,6,nacionalistas,,,
2019,JUNTOS POR EL CAMBIO,presidente,5,liberales,1.401,-0.142,0.186
2019,MOVIMIENTO AL SOCIALISMO,presidente,1,marxistas,-1.991,2.325,0.723
2019,MOVIMIENTO DE ACCION VECINAL,presidente,4,vecinalismo,,,
2019,PARTIDO AUTONOMISTA,presidente,2,conservadores,,,
2019,UNITE POR LA LIBERTAD Y LA DIGNIDAD,presidente,6,liberales,2.641,-1.260,0.237
2021,AVANZA LIBERTAD,municipal,6,liberales,2.641,-1.260,0.237
2021,CONSERVADOR POPULAR,municipal,5,conservadores,,,
2021,CORRIENTE DE PENSAMIENTO BONAERENSE,municipal,4,peronistas,,,
2021,FEDERAL,municipal,4,peronismo provincial,,,
2021,FRENTE DE IZQUIERDA Y DE TRABAJADORES - UNIDAD,municipal,1,marxistas,-1.991,2.325,0.723
2021,FRENTE DE TODOS,municipal,3,peronistas,-0.465,1.069,0.642
2021,FRENTE PATRIOTA,municipal,6,nacionalistas,,,
2021,FRENTE VAMOS CON VOS,municipal,4,peronismo provincial,0.325,-0.492,0.334
2021,HUMANISTA,municipal,2,progresistas,,,
2021,JUNTOS,municipal,5,liberales,1.401,-0.141,0.186
2021,MOVIMIENTO AL SOCIALISMO,municipal,1,marxistas,-1.991,2.325,0.723
2021,MOVIMIENTO ORGANIZACION DEMOCRATICA,municipal,3,otros,,,
2021,RENOVADOR FEDERAL,municipal,4,peronistas,0.376,-0.016,0.363
2021,REPUBLICANO FEDERAL,municipal,4,conservadores,0.325,-0.492,0.334
2021,TODOS POR BUENOS AIRES,municipal,3,conservadores,,,
2021,UNION CELESTE Y BLANCO,municipal,4,peronistas,0.376,-0.016,0.363
2021,UNION POR TODOS,municipal,5,conservadores,,,
2021,VOCACION SOCIAL,municipal,2,progresistas,,,
2021,+ VALORES,nacional,5,nacionalistas,0.325,-0.492,0.334
2021,AVANZA LIBERTAD,nacional,6,liberales,2.641,-1.260,0.237
2021,CELESTE PROVIDA,nacional,6,nacionalistas,,,
2021,CONSERVADOR POPULAR,nacional,5,conservadores,,,
2021,CORRIENTE DE PENSAMIENTO BONAERENSE,nacional,4,peronistas,,,
2021,ESPERANZA DEL PUEBLO,nacional,6,nacionalistas,,,
2021,FEDERAL,nacional,4,peronismo provincial,,,
2021,FRENTE DE IZQUIERDA Y DE TRABAJADORES - UNIDAD,nacional,1,marxistas,-1.991,2.325,0.723
2021,FRENTE DE TODOS,nacional,3,peronistas,-0.465,1.069,0.642
2021,FRENTE PATRIOTA,nacional,6,nacionalistas,,,
2021,FRENTE UNION POR EL FUTURO,nacional,5,liberales,,,
2021,FRENTE VAMOS CON VOS,nacional,4,peronismo provincial,0.325,-0.492,0.334
2021,JUNTOS,nacional,5,liberales,1.401,-0.141,0.186
2021,JUSTICIA Y DIGNIDAD PATRIOTICA,nacional,6,nacionalistas,,,
2021,LABORISTA,nacional,3,peronistas,,,
2021,MORAL Y PROGRESO,nacional,5,liberales,,,
2021,MOVIMIENTO AL SOCIALISMO,nacional,1,marxistas,-1.991,2.325,0.723
2021,POLITICA OBRERA,nacional,1,marxistas,-1.991,2.325,0.723
2021,POPULAR,nacional,2,progresistas,,,
2021,"PROYECTO JUSTO, SOCIAL Y HUMANISTA",nacional,2,progresistas,,,
2021,REPUBLICANO FEDERAL,nacional,4,conservadores,0.325,-0.492,0.334
2021,TODOS POR BUENOS AIRES,nacional,3,conservadores,,,
2021,UNIDAD SOCIAL,nacional,4,progresistas,,,
2021,VERDE,nacional,2,progresistas,-1.991,1.557,0.821
2021,VOCACION SOCIAL,nacional,2,progresistas,,,
2021,AVANZA LIBERTAD,provincial,6,liberales,2.641,-1.260,0.237
2021,CONSERVADOR POPULAR,provincial,5,conservadores,,,
2021,CORRIENTE DE PENSAMIENTO BONAERENSE,provincial,4,peronistas,,,
2021,FEDERAL,provincial,4,peronismo provincial,,,
2021,FRENTE DE IZQUIERDA Y DE TRABAJADORES - UNIDAD,provincial,1,marxistas,-1.991,2.325,0.723
2021,FRENTE DE TODOS,provincial,3,peronistas,-0.465,1.069,0.642
2021,FRENTE PATRIOTA,provincial,6,nacionalistas,,,
2021,FRENTE VAMOS CON VOS,provincial,4,peronismo provincial,0.325,-0.492,0.334
2021,HUMANISTA,provincial,2,progresistas,,,
2021,JUNTOS,provincial,5,liberales,1.401,-0.141,0.186
2021,MOVIMIENTO AL SOCIALISMO,provincial,1,marxistas,-1.991,2.325,0.723
2021,MOVIMIENTO ORGANIZACION DEMOCRATICA,provincial,3,otros,,,
2021,RENOVADOR FEDERAL,provincial,4,peronistas,0.376,-0.016,0.363
2021,REPUBLICANO FEDERAL,provincial,4,conservadores,0.325,-0.492,0.334
2021,TODOS POR BUENOS AIRES,provincial,3,conservadores,,,
2021,UNION CELESTE Y BLANCO,provincial,5,liberales,,,
2021,UNION POR TODOS,provincial,5,conservadores,,,
2021,VOCACION SOCIAL,provincial,2,progresistas,,,
2023,BUENOS AIRES PRIMERO (BAP),gobernacion,6,liberales,,,
2023,CELESTE PROVIDA,gobernacion,6,nacionalistas,,,
2023,CONFIANZA PUBLICA,gobernacion,4,progresistas,,,
2023,CORRIENTE DE PENSAMIENTO BONAERENSE,gobernacion,6,peronistas,,,
2023,ESPERANZA DEL PUEBLO,gobernacion,6,nacionalistas,,,
2023,FRENTE DE IZQUIERDA Y DE TRABAJADORES - UNIDAD,gobernacion,1,marxistas,-1.991,2.325,0.723
2023,FRENTE FEDERAL DE ACCION SOLIDARIA DE LA PROVINCIA DE BUENOS AIRES,gobernacion,3,peronismo provincial,,,
2023,FRENTE PATRIOTA FEDERAL,gobernacion,6,nacionalistas,,,
2023,JUNTOS POR EL CAMBIO,gobernacion,5,liberales,1.401,-0.1415,0.186
2023,JUSTICIA Y DIGNIDAD PATRIOTICA,gobernacion,6,nacionalistas,,,
2023,LA LIBERTAD AVANZA,gobernacion,6,liberales,2.641,-1.260,0.237
2023,LIBER.AR,gobernacion,6,liberales,2.641,-1.260,0.237
2023,MOVIMIENTO DE AVANZADA SOCIALISTA,gobernacion,1,marxistas,-1.991,2.325,0.723
2023,MOVIMIENTO DE INTEGRACION FEDERAL (MIF),gobernacion,6,peronistas,,,
2023,MOVIMIENTO LIBRES DEL SUR,gobernacion,2,progresistas,-1.412,1.557,0.723
2023,POLITICA ABIERTA PARA LA INTEGRIDAD SOCIAL,gobernacion,4,peronistas,,,
2023,POLITICA OBRERA,gobernacion,1,marxistas,-1.991,2.325,0.723
2023,PRINCIPIOS Y VALORES,gobernacion,4,peronistas,-0.833,-0.748,0.529
2023,PROYECTO JOVEN,gobernacion,3,otros,,,
2023,TODOS POR BUENOS AIRES,gobernacion,3,conservadores,,,
2023,UNIDAD SOCIAL,gobernacion,2,progresistas,,,
2023,UNION POR LA PATRIA,gobernacion,3,peronistas,-0.465,1.069,0.642
2023,VOCACION SOCIAL,gobernacion,2,progresistas,,,
2023,BUENOS AIRES PRIMERO (BAP),intendente,6,liberales,,,
2023,CELESTE PROVIDA,intendente,6,nacionalistas,,,
2023,CONFIANZA PUBLICA,intendente,4,progresistas,,,
2023,CORRIENTE DE PENSAMIENTO BONAERENSE,intendente,6,peronistas,,,
2023,ESPERANZA DEL PUEBLO,intendente,6,nacionalistas,,,
2023,FRENTE DE IZQUIERDA Y DE TRABAJADORES - UNIDAD,intendente,1,marxistas,-1.991,2.325,0.723
2023,FRENTE FEDERAL DE ACCION SOLIDARIA DE LA PROVINCIA DE BUENOS AIRES,intendente,3,peronismo provincial,,,
2023,FRENTE H.A.C.E.R. POR PROGRESO SOCIAL,intendente,4,peronistas,,,
2023,FRENTE PATRIOTA FEDERAL,intendente,6,nacionalistas,,,
2023,JUNTOS POR EL CAMBIO,intendente,5,liberales,1.401,-0.1415,0.186
2023,LA LIBERTAD AVANZA,intendente,6,liberales,2.641,-1.260,0.237
2023,LIBER.AR,intendente,6,liberales,2.641,-1.260,0.237
2023,MOVIMIENTO DE AVANZADA SOCIALISTA,intendente,1,marxistas,-1.991,2.325,0.723
2023,MOVIMIENTO DE INTEGRACION FEDERAL (MIF),intendente,6,peronistas,,,
2023,MOVIMIENTO LIBRES DEL SUR,intendente,2,progresistas,-1.412,1.557,0.723
2023,POLITICA ABIERTA PARA LA INTEGRIDAD SOCIAL,intendente,4,peronistas,,,
2023,POLITICA OBRERA,intendente,1,marxistas,-1.991,2.325,0.723
2023,PRINCIPIOS Y VALORES,intendente,4,peronistas,-0.833,-0.748,0.529
2023,PROYECTO JOVEN,intendente,3,otros,,,
2023,TODOS POR BUENOS AIRES,intendente,3,conservadores,,,
2023,UNION POR LA PATRIA,intendente,3,peronistas,-0.465,1.069,0.642
2023,VOCACION SOCIAL,intendente,2,progresistas,,,
2023,FRENTE DE IZQUIERDA Y DE TRABAJADORES - UNIDAD,presidente,1,marxistas,-1.991,2.325,0.723
2023,FRENTE LIBER.AR,presidente,6,liberales,2.641,-1.260,0.237
2023,FRENTE PATRIOTA FEDERAL,presidente,6,nacionalistas,1.579,-1.862,0.425
2023,HACEMOS POR NUESTRO PAIS,presidente,3,peronismo provincial,0.325,-0.492,0.334
2023,JUNTOS POR EL CAMBIO,presidente,5,liberales,1.401,-0.1415,0.186
2023,LA LIBERTAD AVANZA,presidente,6,liberales,2.641,-1.260,0.237
2023,MOVIMIENTO AL SOCIALISMO,presidente,1,marxistas,-1.991,2.325,0.723
2023,MOVIMIENTO DE ACCION VECINAL,presidente,4,vecinalismo,,,
2023,MOVIMIENTO IZQUIERDA JUVENTUD Y DIGNIDAD,presidente,1,nacionalistas,,,
2023,MOVIMIENTO LIBRES DEL SUR,presidente,2,progresistas,-1.412,1.557,0.723
2023,POLITICA OBRERA,presidente,1,marxistas,-1.991,2.325,0.723
2023,PRINCIPIOS Y VALORES,presidente,4,peronistas,-0.833,-0.748,0.529
2023,PROYECTO JOVEN,presidente,3,otros,,,
2023,UNION DEL CENTRO DEMOCRATICO,presidente,4,liberales,2.365,-1.020,0.045
2023,UNION POR LA PATRIA,presidente,3,peronistas,-0.465,1.069,0.642
2025,ALIANZA ES CON VOS ES CON NOSOTROS,municipal,,,,,
2025,ALIANZA FUERZA PATRIA,municipal,3,peronistas,-0.465,1.069,0.642
2025,ALIANZA LA LIBERTAD AVANZA,municipal,6,liberales,2.641,-1.260,0.237
2025,ALIANZA NUEVOS AIRES,municipal,4,peronistas,0.376,-0.016,0.363
2025,ALIANZA POTENCIA,municipal,4,liberales,,,
2025,ALIANZA SOMOS BUENOS AIRES,municipal,4,radicalismo,0.325,0.533,0.334
2025,ALIANZA UNION LIBERAL,municipal,6,liberales,2.641,-1.260,0.237
2025,ALIANZA UNION Y LIBERTAD,municipal,6,liberales,2.641,-1.260,0.237
2025,CONSTRUYENDO PORVENIR,municipal,,,,,
2025,FTE. DE IZQUIERDA Y DE TRABAJADORES - UNIDAD,municipal,1,marxistas,-1.991,2.325,0.723
2025,MOVIMIENTO AVANZADA SOCIALISTA,municipal,1,marxistas,-1.991,2.325,0.723
2025,ORG. SOC. DE LOS TRABAJADORES DE LA PLATA,municipal,1,marxistas,-1.991,2.325,0.723
2025,PARTIDO FRENTE PATRIOTA FEDERAL,municipal,6,nacionalistas,1.579,-1.862,0.425
2025,PARTIDO LIBERTARIO,municipal,6,liberales,2.641,-1.260,0.237
2025,PARTIDO POLITICA OBRERA,municipal,1,marxistas,-1.991,2.325,0.723
2025,PARTIDO TIEMPO DE TODOS,municipal,4,peronistas,0.376,-0.016,0.363
2025,VALORES REPUBLICANOS,municipal,,,,,
2025,ALIANZA FUERZA PATRIA,nacional,3,peronistas,-0.465,1.069,0.642
2025,ALIANZA LA LIBERTAD AVANZA,nacional,6,liberales,2.641,-1.260,0.237
2025,ALIANZA NUEVOS AIRES,nacional,4,peronistas,0.376,-0.016,0.363
2025,ALIANZA POTENCIA,nacional,4,liberales,,,
2025,ALIANZA PROVINCIAS UNIDAS,nacional,4,peronismo provincial,0.325,-0.492,0.334
2025,ALIANZA UNIÓN FEDERAL,nacional,4,peronismo provincial,,,
2025,COALICIÓN CÍVICA - A.R.I.,nacional,4,otros,0.452,0.288,0.403
2025,FRENTE DE IZQUIERDA Y DE TRABAJADORES - UNIDAD,nacional,1,marxistas,-1.991,2.325,0.723
2025,FRENTE PATRIOTA FEDERAL,nacional,6,nacionalistas,1.579,-1.862,0.425
2025,LIBER.AR,nacional,6,liberales,2.641,-1.260,0.237
2025,MOVIMIENTO AVANZADA SOCIALISTA,nacional,1,marxistas,-1.991,2.325,0.723
2025,MOVIMIENTO POLÍTICO SOCIAL Y CULTURAL PROYECTO SUR,nacional,2,progresistas,-1.412,1.557,0.723
2025,PARTIDO NUEVO BUENOS AIRES,nacional,5,liberales,1.401,-0.142,0.186
2025,PROPUESTA FEDERAL PARA EL CAMBIO,nacional,5,liberales,1.410,-0.092,0.169
2025,UNIÓN LIBERAL,nacional,6,liberales,2.641,-1.260,0.237
2025,ALIANZA ES CON VOS ES CON NOSOTROS,provincial,,,,,
2025,ALIANZA FUERZA PATRIA,provincial,3,peronistas,-0.465,1.069,0.642
2025,ALIANZA LA LIBERTAD AVANZA,provincial,6,liberales,2.641,-1.260,0.237
2025,ALIANZA NUEVOS AIRES,provincial,4,liberales,,,
2025,ALIANZA POTENCIA,provincial,4,liberales,,,
2025,ALIANZA SOMOS BUENOS AIRES,provincial,4,radicalismo,0.325,0.533,0.334
2025,ALIANZA UNION LIBERAL,provincial,6,liberales,2.641,-1.260,0.237
2025,ALIANZA UNION Y LIBERTAD,provincial,6,liberales,2.641,-1.260,0.237
2025,CONSTRUYENDO PORVENIR,provincial,,,,,
2025,FTE. DE IZQUIERDA Y DE TRABAJADORES - UNIDAD,provincial,1,marxistas,-1.991,2.325,0.723
2025,MOVIMIENTO AVANZADA SOCIALISTA,provincial,1,marxistas,-1.991,2.325,0.723
2025,ORG. SOC. DE LOS TRABAJADORES DE LA PLATA,provincial,1,marxistas,-1.991,2.325,0.723
2025,PARTIDO FRENTE PATRIOTA FEDERAL,provincial,6,nacionalistas,1.579,-1.862,0.425
2025,PARTIDO LIBERTARIO,provincial,6,liberales,2.641,-1.260,0.237
2025,PARTIDO POLITICA OBRERA,provincial,1,marxistas,-1.991,2.325,0.723
2025,PARTIDO TIEMPO DE TODOS,provincial,,,,,
2025,VALORES REPUBLICANOS,provincial,,,,,
